Date,Station0,Station1,Station2,Station3,Station4,Station5
01/01/2019 05:30,0.0,0.0,0.0,1.0,0.0,0.0
01/01/2019 05:45,1.0,5.0,0.0,0.0,4.0,0.0
01/01/2019 06:00,1.0,7.0,3.0,10.0,6.0,74.0
01/01/2019 06:15,518.0,93.0,47.0,47.0,38.0,143.0
01/01/2019 06:30,915.0,156.0,74.0,80.0,63.0,94.0
01/01/2019 06:45,810.0,119.0,58.0,120.0,92.0,64.0
01/01/2019 07:00,900.0,183.0,73.0,187.0,106.0,95.0
01/01/2019 07:15,1059.0,325.0,78.0,249.0,164.0,118.0
01/01/2019 07:30,1259.0,398.0,129.0,345.0,228.0,155.0
01/01/2019 07:45,1561.0,472.0,160.0,439.0,296.0,189.0
01/01/2019 08:00,1876.0,426.0,193.0,354.0,287.0,217.0
01/01/2019 08:15,1935.0,630.0,265.0,438.0,341.0,250.0
01/01/2019 08:30,1743.0,868.0,254.0,552.0,436.0,499.0
01/01/2019 08:45,2103.0,1219.0,288.0,646.0,413.0,447.0
01/01/2019 09:00,2156.0,1288.0,283.0,650.0,497.0,480.0
01/01/2019 09:15,2181.0,1175.0,224.0,838.0,544.0,485.0
01/01/2019 09:30,2134.0,1381.0,279.0,778.0,512.0,501.0
01/01/2019 09:45,1939.0,1564.0,254.0,697.0,604.0,577.0
01/01/2019 10:00,2197.0,1656.0,241.0,764.0,717.0,502.0
01/01/2019 10:15,2116.0,1998.0,298.0,728.0,690.0,548.0
01/01/2019 10:30,2257.0,1761.0,257.0,829.0,755.0,562.0
01/01/2019 10:45,2307.0,2244.0,296.0,830.0,812.0,580.0
01/01/2019 11:00,2467.0,2097.0,309.0,878.0,827.0,717.0
01/01/2019 11:15,2691.0,2148.0,287.0,832.0,870.0,675.0
01/01/2019 11:30,2532.0,2246.0,313.0,739.0,871.0,607.0
01/01/2019 11:45,2894.0,2183.0,287.0,647.0,786.0,661.0
01/01/2019 12:00,3086.0,2309.0,295.0,678.0,719.0,667.0
01/01/2019 12:15,3554.0,2087.0,315.0,673.0,807.0,885.0
01/01/2019 12:30,3724.0,2323.0,320.0,533.0,926.0,758.0
01/01/2019 12:45,3777.0,2219.0,314.0,775.0,894.0,800.0
01/01/2019 13:00,3375.0,2381.0,385.0,917.0,836.0,885.0
01/01/2019 13:15,3478.0,2231.0,344.0,905.0,804.0,925.0
01/01/2019 13:30,3504.0,2214.0,363.0,746.0,790.0,957.0
01/01/2019 13:45,3163.0,2134.0,392.0,762.0,730.0,926.0
01/01/2019 14:00,3307.0,2347.0,315.0,678.0,844.0,935.0
01/01/2019 14:15,3701.0,2213.0,427.0,873.0,828.0,1045.0
01/01/2019 14:30,3620.0,2207.0,411.0,836.0,845.0,1128.0
01/01/2019 14:45,4207.0,1981.0,442.0,847.0,762.0,866.0
01/01/2019 15:00,3717.0,1944.0,426.0,873.0,711.0,1056.0
01/01/2019 15:15,3641.0,1713.0,449.0,877.0,676.0,852.0
01/01/2019 15:30,3564.0,1710.0,453.0,656.0,618.0,1139.0
01/01/2019 15:45,4115.0,1619.0,534.0,842.0,642.0,1004.0
01/01/2019 16:00,3536.0,1256.0,512.0,898.0,587.0,919.0
01/01/2019 16:15,4087.0,1428.0,562.0,1014.0,592.0,825.0
01/01/2019 16:30,3521.0,1364.0,559.0,913.0,560.0,932.0
01/01/2019 16:45,3719.0,1167.0,504.0,858.0,655.0,755.0
01/01/2019 17:00,3323.0,1117.0,572.0,794.0,600.0,823.0
01/01/2019 17:15,2879.0,1138.0,591.0,881.0,650.0,811.0
01/01/2019 17:30,3068.0,1024.0,516.0,776.0,620.0,846.0
01/01/2019 17:45,2928.0,1009.0,579.0,805.0,530.0,677.0
01/01/2019 18:00,2959.0,944.0,639.0,667.0,488.0,745.0
01/01/2019 18:15,2855.0,843.0,475.0,725.0,452.0,755.0
01/01/2019 18:30,2948.0,833.0,580.0,660.0,458.0,683.0
01/01/2019 18:45,2526.0,711.0,440.0,691.0,366.0,492.0
01/01/2019 19:00,2548.0,612.0,418.0,668.0,342.0,560.0
01/01/2019 19:15,2218.0,596.0,370.0,623.0,309.0,463.0
01/01/2019 19:30,2054.0,616.0,359.0,489.0,300.0,469.0
01/01/2019 19:45,2056.0,502.0,475.0,477.0,251.0,495.0
01/01/2019 20:00,1790.0,363.0,449.0,376.0,240.0,351.0
01/01/2019 20:15,1348.0,389.0,453.0,375.0,239.0,374.0
01/01/2019 20:30,1198.0,336.0,464.0,351.0,252.0,366.0
01/01/2019 20:45,1084.0,365.0,348.0,307.0,197.0,318.0
01/01/2019 21:00,859.0,262.0,480.0,292.0,216.0,294.0
01/01/2019 21:15,632.0,189.0,423.0,232.0,170.0,222.0
01/01/2019 21:30,394.0,176.0,310.0,340.0,171.0,198.0
01/01/2019 21:45,337.0,167.0,311.0,266.0,152.0,225.0
01/01/2019 22:00,207.0,116.0,285.0,264.0,152.0,203.0
01/01/2019 22:15,254.0,119.0,276.0,220.0,117.0,219.0
01/01/2019 22:30,155.0,73.0,187.0,99.0,124.0,167.0
01/01/2019 22:45,537.0,79.0,60.0,84.0,43.0,82.0
01/01/2019 23:00,1197.0,136.0,84.0,144.0,84.0,141.0
01/01/2019 23:15,1163.0,260.0,117.0,340.0,123.0,164.0
01/01/2019 23:30,1145.0,406.0,214.0,439.0,221.0,228.0
01/01/2019 23:45,1405.0,545.0,372.0,631.0,340.0,239.0
01/02/2019 00:00,1631.0,1317.0,738.0,891.0,489.0,427.0
01/02/2019 00:15,2037.0,1492.0,1155.0,1300.0,828.0,789.0
01/02/2019 00:30,2601.0,1150.0,2020.0,1190.0,1164.0,1168.0
01/02/2019 00:45,2489.0,1275.0,2854.0,1183.0,1355.0,1375.0
01/02/2019 01:00,2456.0,1338.0,3649.0,990.0,988.0,1176.0
01/02/2019 01:15,2690.0,1338.0,3442.0,1020.0,846.0,1156.0
01/02/2019 01:30,1958.0,1475.0,2387.0,1048.0,726.0,844.0
01/02/2019 01:45,2146.0,1410.0,1937.0,924.0,713.0,840.0
01/02/2019 02:00,2124.0,962.0,870.0,815.0,559.0,589.0
01/02/2019 02:15,1626.0,1173.0,585.0,783.0,519.0,438.0
01/02/2019 02:30,1712.0,867.0,468.0,591.0,469.0,377.0
01/02/2019 02:45,1442.0,928.0,454.0,636.0,439.0,369.0
01/02/2019 03:00,1478.0,856.0,319.0,601.0,399.0,367.0
01/02/2019 03:15,1472.0,749.0,295.0,615.0,419.0,340.0
01/02/2019 03:30,1195.0,902.0,326.0,506.0,374.0,331.0
01/02/2019 03:45,1373.0,730.0,302.0,610.0,322.0,370.0
01/02/2019 04:00,1395.0,675.0,299.0,389.0,386.0,321.0
01/02/2019 04:15,1359.0,797.0,303.0,493.0,335.0,405.0
01/02/2019 04:30,1588.0,830.0,277.0,441.0,380.0,311.0
01/02/2019 04:45,1806.0,641.0,328.0,368.0,369.0,371.0
01/02/2019 05:00,1649.0,889.0,349.0,437.0,417.0,398.0
01/02/2019 05:15,1682.0,923.0,294.0,488.0,409.0,370.0
01/02/2019 05:30,1594.0,820.0,395.0,451.0,407.0,336.0
01/02/2019 05:45,1536.0,937.0,388.0,569.0,437.0,392.0
01/02/2019 06:00,1490.0,855.0,304.0,529.0,370.0,422.0
01/02/2019 06:15,1367.0,777.0,258.0,427.0,403.0,363.0
01/02/2019 06:30,1391.0,748.0,350.0,517.0,372.0,449.0
01/02/2019 06:45,1607.0,768.0,309.0,514.0,346.0,432.0
01/02/2019 07:00,1514.0,639.0,280.0,442.0,362.0,313.0
01/02/2019 07:15,1387.0,730.0,356.0,472.0,314.0,404.0
01/02/2019 07:30,1581.0,610.0,275.0,529.0,306.0,353.0
01/02/2019 07:45,1649.0,537.0,266.0,463.0,312.0,358.0
01/02/2019 08:00,1575.0,616.0,302.0,551.0,283.0,431.0
01/02/2019 08:15,1664.0,549.0,321.0,417.0,298.0,459.0
01/02/2019 08:30,1629.0,523.0,288.0,469.0,297.0,359.0
01/02/2019 08:45,1562.0,531.0,317.0,516.0,316.0,406.0
01/02/2019 09:00,1501.0,565.0,369.0,452.0,311.0,416.0
01/02/2019 09:15,1214.0,536.0,351.0,483.0,301.0,450.0
01/02/2019 09:30,1219.0,504.0,387.0,399.0,308.0,419.0
01/02/2019 09:45,1250.0,539.0,569.0,546.0,378.0,431.0
01/02/2019 10:00,1320.0,624.0,615.0,592.0,434.0,524.0
01/02/2019 10:15,1239.0,622.0,709.0,569.0,541.0,546.0
01/02/2019 10:30,1446.0,632.0,827.0,589.0,553.0,638.0
01/02/2019 10:45,1403.0,684.0,741.0,572.0,483.0,535.0
01/02/2019 11:00,1264.0,531.0,543.0,472.0,429.0,490.0
01/02/2019 11:15,1089.0,420.0,546.0,439.0,384.0,444.0
01/02/2019 11:30,1053.0,440.0,478.0,396.0,315.0,344.0
01/02/2019 11:45,865.0,388.0,287.0,389.0,242.0,341.0
01/02/2019 12:00,776.0,298.0,344.0,341.0,200.0,266.0
01/02/2019 12:15,586.0,250.0,274.0,322.0,197.0,213.0
01/02/2019 12:30,606.0,203.0,232.0,305.0,149.0,207.0
01/02/2019 12:45,515.0,252.0,269.0,249.0,145.0,200.0
01/02/2019 13:00,487.0,181.0,233.0,292.0,152.0,188.0
01/02/2019 13:15,368.0,182.0,273.0,258.0,152.0,202.0
01/02/2019 13:30,376.0,109.0,255.0,218.0,147.0,122.0
01/02/2019 13:45,339.0,108.0,266.0,258.0,116.0,114.0
01/02/2019 14:00,250.0,98.0,215.0,244.0,86.0,145.0
01/02/2019 14:15,187.0,113.0,161.0,221.0,123.0,113.0
01/02/2019 14:30,165.0,103.0,216.0,195.0,94.0,85.0
01/02/2019 14:45,135.0,66.0,141.0,111.0,87.0,124.0
01/02/2019 15:00,126.0,44.0,126.0,102.0,71.0,46.0
01/02/2019 15:15,271.0,65.0,27.0,70.0,39.0,80.0
01/02/2019 15:30,638.0,135.0,77.0,103.0,76.0,101.0
01/02/2019 15:45,667.0,225.0,105.0,279.0,126.0,125.0
01/02/2019 16:00,715.0,433.0,157.0,445.0,252.0,176.0
01/02/2019 16:15,1086.0,526.0,359.0,563.0,295.0,166.0
01/02/2019 16:30,1294.0,1154.0,591.0,828.0,483.0,445.0
01/02/2019 16:45,1646.0,1623.0,1074.0,1031.0,767.0,647.0
01/02/2019 17:00,1959.0,1109.0,1994.0,1176.0,1173.0,1055.0
01/02/2019 17:15,2373.0,1227.0,2617.0,1099.0,1271.0,1214.0
01/02/2019 17:30,2263.0,1371.0,3267.0,1033.0,991.0,1256.0
01/02/2019 17:45,2075.0,1559.0,3751.0,995.0,952.0,1086.0
01/02/2019 18:00,1840.0,1365.0,2053.0,1039.0,793.0,876.0
01/02/2019 18:15,1741.0,1228.0,1848.0,660.0,597.0,707.0
01/02/2019 18:30,1378.0,1157.0,1344.0,938.0,473.0,582.0
01/02/2019 18:45,1342.0,973.0,591.0,676.0,572.0,448.0
01/02/2019 19:00,1373.0,900.0,523.0,631.0,444.0,366.0
01/02/2019 19:15,1130.0,865.0,381.0,619.0,355.0,390.0
01/02/2019 19:30,1149.0,794.0,303.0,459.0,327.0,291.0
01/02/2019 19:45,1147.0,651.0,362.0,650.0,428.0,384.0
01/02/2019 20:00,1014.0,852.0,333.0,535.0,304.0,285.0
01/02/2019 20:15,1109.0,577.0,253.0,442.0,350.0,323.0
01/02/2019 20:30,1006.0,655.0,302.0,422.0,329.0,313.0
01/02/2019 20:45,1259.0,787.0,322.0,452.0,355.0,372.0
01/02/2019 21:00,1455.0,682.0,259.0,388.0,362.0,300.0
01/02/2019 21:15,1323.0,594.0,271.0,350.0,364.0,263.0
01/02/2019 21:30,1388.0,770.0,378.0,427.0,337.0,339.0
01/02/2019 21:45,1379.0,870.0,298.0,463.0,354.0,321.0
01/02/2019 22:00,1358.0,700.0,268.0,398.0,444.0,252.0
01/02/2019 22:15,1159.0,827.0,405.0,470.0,418.0,372.0
01/02/2019 22:30,1257.0,686.0,321.0,473.0,414.0,302.0
01/02/2019 22:45,1112.0,693.0,340.0,438.0,326.0,292.0
01/02/2019 23:00,1139.0,732.0,336.0,453.0,359.0,326.0
01/02/2019 23:15,1280.0,656.0,275.0,429.0,322.0,298.0
01/02/2019 23:30,1393.0,525.0,369.0,359.0,332.0,250.0
01/02/2019 23:45,1213.0,667.0,302.0,450.0,252.0,304.0
01/03/2019 00:00,1374.0,571.0,265.0,390.0,291.0,333.0
01/03/2019 00:15,1363.0,600.0,334.0,391.0,270.0,321.0
01/03/2019 00:30,1419.0,580.0,365.0,451.0,256.0,383.0
01/03/2019 00:45,1434.0,531.0,253.0,391.0,272.0,356.0
01/03/2019 01:00,1327.0,507.0,296.0,383.0,315.0,361.0
01/03/2019 01:15,1358.0,462.0,358.0,473.0,272.0,296.0
01/03/2019 01:30,1447.0,577.0,320.0,430.0,317.0,343.0
01/03/2019 01:45,1194.0,532.0,358.0,363.0,290.0,369.0
01/03/2019 02:00,1227.0,494.0,431.0,407.0,319.0,353.0
01/03/2019 02:15,1254.0,623.0,521.0,518.0,443.0,430.0
01/03/2019 02:30,1299.0,644.0,656.0,500.0,452.0,519.0
01/03/2019 02:45,1205.0,633.0,776.0,594.0,524.0,528.0
01/03/2019 03:00,1592.0,636.0,782.0,574.0,558.0,509.0
01/03/2019 03:15,1416.0,669.0,682.0,523.0,473.0,492.0
01/03/2019 03:30,1181.0,634.0,538.0,526.0,442.0,395.0
01/03/2019 03:45,1110.0,551.0,481.0,395.0,342.0,391.0
01/03/2019 04:00,1005.0,445.0,434.0,409.0,290.0,346.0
01/03/2019 04:15,817.0,416.0,359.0,336.0,261.0,313.0
01/03/2019 04:30,798.0,354.0,269.0,334.0,259.0,225.0
01/03/2019 04:45,634.0,260.0,328.0,326.0,193.0,201.0
01/03/2019 05:00,590.0,275.0,260.0,297.0,177.0,175.0
01/03/2019 05:15,441.0,240.0,263.0,250.0,146.0,175.0
01/03/2019 05:30,513.0,219.0,276.0,265.0,162.0,181.0
01/03/2019 05:45,390.0,204.0,269.0,308.0,154.0,177.0
01/03/2019 06:00,354.0,138.0,217.0,219.0,155.0,147.0
01/03/2019 06:15,319.0,142.0,298.0,216.0,154.0,135.0
01/03/2019 06:30,287.0,115.0,260.0,263.0,97.0,125.0
01/03/2019 06:45,191.0,89.0,195.0,168.0,101.0,91.0
01/03/2019 07:00,171.0,77.0,178.0,150.0,117.0,89.0
01/03/2019 07:15,164.0,66.0,190.0,111.0,67.0,121.0
01/03/2019 07:30,102.0,46.0,141.0,123.0,69.0,63.0
01/03/2019 07:45,234.0,57.0,25.0,60.0,53.0,53.0
01/03/2019 08:00,682.0,148.0,72.0,125.0,75.0,72.0
01/03/2019 08:15,632.0,228.0,84.0,271.0,111.0,119.0
01/03/2019 08:30,686.0,394.0,153.0,428.0,243.0,167.0
01/03/2019 08:45,930.0,506.0,331.0,474.0,313.0,179.0
01/03/2019 09:00,1127.0,1267.0,571.0,706.0,487.0,368.0
01/03/2019 09:15,1527.0,1433.0,1083.0,1148.0,780.0,675.0
01/03/2019 09:30,1950.0,1139.0,2092.0,1038.0,1163.0,1055.0
01/03/2019 09:45,2017.0,1060.0,2741.0,1063.0,1264.0,1228.0
01/03/2019 10:00,1929.0,1408.0,2934.0,940.0,963.0,1350.0
01/03/2019 10:15,1839.0,1517.0,3781.0,1130.0,894.0,981.0
01/03/2019 10:30,1658.0,1251.0,2133.0,932.0,656.0,738.0
01/03/2019 10:45,1539.0,1255.0,1984.0,686.0,666.0,771.0
01/03/2019 11:00,1513.0,1105.0,1049.0,861.0,499.0,629.0
01/03/2019 11:15,1179.0,827.0,584.0,649.0,550.0,409.0
01/03/2019 11:30,1363.0,754.0,517.0,497.0,450.0,382.0
01/03/2019 11:45,1166.0,726.0,436.0,578.0,413.0,394.0
01/03/2019 12:00,1176.0,714.0,319.0,498.0,332.0,353.0
01/03/2019 12:15,1238.0,627.0,258.0,501.0,414.0,330.0
01/03/2019 12:30,1114.0,647.0,338.0,510.0,328.0,307.0
01/03/2019 12:45,1140.0,528.0,270.0,394.0,286.0,319.0
01/03/2019 13:00,1250.0,523.0,266.0,392.0,369.0,308.0
01/03/2019 13:15,1234.0,632.0,286.0,461.0,312.0,327.0
01/03/2019 13:30,1641.0,597.0,247.0,380.0,333.0,292.0
01/03/2019 13:45,1564.0,565.0,330.0,392.0,328.0,293.0
01/03/2019 14:00,1702.0,609.0,306.0,489.0,336.0,354.0
01/03/2019 14:15,1628.0,805.0,281.0,382.0,366.0,343.0
01/03/2019 14:30,1525.0,630.0,285.0,429.0,397.0,272.0
01/03/2019 14:45,1459.0,757.0,351.0,489.0,385.0,369.0
01/03/2019 15:00,1394.0,879.0,316.0,424.0,363.0,338.0
01/03/2019 15:15,1268.0,591.0,288.0,445.0,374.0,317.0
01/03/2019 15:30,1234.0,643.0,298.0,498.0,340.0,335.0
01/03/2019 15:45,1652.0,677.0,279.0,426.0,288.0,316.0
01/03/2019 16:00,1379.0,552.0,252.0,428.0,333.0,299.0
01/03/2019 16:15,1456.0,632.0,336.0,526.0,260.0,354.0
01/03/2019 16:30,1679.0,629.0,308.0,401.0,235.0,355.0
01/03/2019 16:45,1540.0,551.0,253.0,434.0,329.0,413.0
01/03/2019 17:00,1843.0,679.0,441.0,470.0,326.0,478.0
01/03/2019 17:15,2166.0,648.0,323.0,484.0,316.0,452.0
01/03/2019 17:30,2008.0,563.0,270.0,474.0,312.0,377.0
01/03/2019 17:45,2107.0,546.0,396.0,521.0,293.0,409.0
01/03/2019 18:00,2070.0,624.0,367.0,438.0,332.0,388.0
01/03/2019 18:15,1845.0,559.0,370.0,404.0,361.0,344.0
01/03/2019 18:30,1907.0,547.0,420.0,465.0,393.0,438.0
01/03/2019 18:45,1957.0,673.0,545.0,652.0,545.0,521.0
01/03/2019 19:00,2426.0,782.0,702.0,665.0,568.0,588.0
01/03/2019 19:15,2428.0,647.0,750.0,704.0,663.0,622.0
01/03/2019 19:30,2732.0,845.0,874.0,719.0,727.0,574.0
01/03/2019 19:45,2870.0,811.0,784.0,644.0,659.0,663.0
01/03/2019 20:00,2545.0,747.0,638.0,753.0,559.0,507.0
01/03/2019 20:15,1958.0,651.0,623.0,594.0,480.0,415.0
01/03/2019 20:30,1855.0,586.0,480.0,515.0,476.0,384.0
01/03/2019 20:45,1389.0,561.0,389.0,461.0,327.0,397.0
01/03/2019 21:00,1349.0,394.0,374.0,408.0,325.0,309.0
01/03/2019 21:15,1351.0,392.0,386.0,371.0,298.0,248.0
01/03/2019 21:30,893.0,362.0,324.0,303.0,235.0,271.0
01/03/2019 21:45,715.0,302.0,309.0,308.0,243.0,283.0
01/03/2019 22:00,655.0,231.0,324.0,266.0,200.0,232.0
01/03/2019 22:15,481.0,293.0,287.0,324.0,218.0,250.0
01/03/2019 22:30,538.0,188.0,286.0,221.0,183.0,185.0
01/03/2019 22:45,479.0,179.0,288.0,229.0,147.0,203.0
01/03/2019 23:00,301.0,157.0,285.0,316.0,137.0,162.0
01/03/2019 23:15,252.0,97.0,203.0,256.0,160.0,162.0
01/03/2019 23:30,197.0,115.0,234.0,166.0,113.0,121.0
01/03/2019 23:45,198.0,86.0,167.0,174.0,99.0,122.0
01/04/2019 00:00,149.0,82.0,149.0,128.0,115.0,104.0
01/04/2019 00:15,300.0,47.0,34.0,47.0,35.0,108.0
01/04/2019 00:30,643.0,98.0,35.0,63.0,55.0,102.0
01/04/2019 00:45,778.0,120.0,57.0,147.0,58.0,54.0
01/04/2019 01:00,689.0,235.0,75.0,200.0,126.0,89.0
01/04/2019 01:15,1110.0,346.0,105.0,305.0,158.0,121.0
01/04/2019 01:30,1263.0,563.0,243.0,436.0,266.0,187.0
01/04/2019 01:45,1371.0,549.0,253.0,437.0,334.0,268.0
01/04/2019 02:00,1620.0,639.0,407.0,487.0,347.0,342.0
01/04/2019 02:15,1482.0,688.0,671.0,509.0,447.0,343.0
01/04/2019 02:30,1610.0,750.0,949.0,582.0,558.0,399.0
01/04/2019 02:45,1724.0,1084.0,834.0,689.0,584.0,392.0
01/04/2019 03:00,1797.0,1001.0,597.0,675.0,489.0,615.0
01/04/2019 03:15,1664.0,1217.0,648.0,693.0,558.0,695.0
01/04/2019 03:30,1577.0,1131.0,552.0,663.0,565.0,521.0
01/04/2019 03:45,1483.0,1065.0,720.0,632.0,605.0,486.0
01/04/2019 04:00,1445.0,986.0,584.0,624.0,547.0,442.0
01/04/2019 04:15,1362.0,1004.0,532.0,633.0,532.0,413.0
01/04/2019 04:30,1286.0,1154.0,474.0,606.0,534.0,425.0
01/04/2019 04:45,1266.0,1262.0,419.0,491.0,510.0,520.0
01/04/2019 05:00,1260.0,1067.0,349.0,507.0,511.0,510.0
01/04/2019 05:15,1172.0,1153.0,381.0,531.0,565.0,448.0
01/04/2019 05:30,1153.0,1197.0,411.0,422.0,669.0,429.0
01/04/2019 05:45,1241.0,1271.0,365.0,358.0,579.0,429.0
01/04/2019 06:00,1483.0,1117.0,334.0,468.0,556.0,423.0
01/04/2019 06:15,1631.0,1072.0,316.0,397.0,507.0,418.0
01/04/2019 06:30,1499.0,1194.0,366.0,487.0,584.0,534.0
01/04/2019 06:45,1519.0,1123.0,381.0,523.0,613.0,457.0
01/04/2019 07:00,1551.0,1183.0,385.0,531.0,643.0,444.0
01/04/2019 07:15,1599.0,1209.0,420.0,581.0,535.0,475.0
01/04/2019 07:30,1286.0,1274.0,352.0,530.0,549.0,447.0
01/04/2019 07:45,1348.0,1210.0,334.0,531.0,570.0,543.0
01/04/2019 08:00,1464.0,1193.0,329.0,459.0,658.0,518.0
01/04/2019 08:15,1459.0,1225.0,388.0,552.0,522.0,505.0
01/04/2019 08:30,1358.0,1203.0,355.0,570.0,564.0,466.0
01/04/2019 08:45,1487.0,1147.0,410.0,547.0,512.0,468.0
01/04/2019 09:00,1565.0,1039.0,383.0,450.0,487.0,585.0
01/04/2019 09:15,1737.0,1077.0,331.0,472.0,546.0,550.0
01/04/2019 09:30,1603.0,922.0,411.0,446.0,508.0,609.0
01/04/2019 09:45,1542.0,998.0,385.0,470.0,527.0,541.0
01/04/2019 10:00,1464.0,869.0,378.0,387.0,486.0,481.0
01/04/2019 10:15,1536.0,921.0,420.0,404.0,443.0,536.0
01/04/2019 10:30,1451.0,964.0,415.0,401.0,465.0,583.0
01/04/2019 10:45,1399.0,1045.0,416.0,373.0,498.0,672.0
01/04/2019 11:00,1319.0,985.0,526.0,345.0,530.0,548.0
01/04/2019 11:15,1266.0,886.0,492.0,355.0,626.0,468.0
01/04/2019 11:30,1083.0,1008.0,543.0,363.0,546.0,503.0
01/04/2019 11:45,1150.0,997.0,514.0,371.0,539.0,491.0
01/04/2019 12:00,1505.0,899.0,473.0,384.0,511.0,500.0
01/04/2019 12:15,1418.0,856.0,380.0,372.0,480.0,509.0
01/04/2019 12:30,1247.0,738.0,469.0,300.0,429.0,438.0
01/04/2019 12:45,1270.0,695.0,387.0,372.0,409.0,405.0
01/04/2019 13:00,965.0,580.0,359.0,309.0,287.0,376.0
01/04/2019 13:15,1032.0,554.0,270.0,257.0,308.0,382.0
01/04/2019 13:30,937.0,456.0,315.0,312.0,283.0,308.0
01/04/2019 13:45,813.0,413.0,290.0,260.0,274.0,234.0
01/04/2019 14:00,800.0,346.0,250.0,235.0,217.0,231.0
01/04/2019 14:15,637.0,305.0,249.0,293.0,218.0,260.0
01/04/2019 14:30,581.0,283.0,270.0,242.0,191.0,241.0
01/04/2019 14:45,491.0,221.0,268.0,261.0,224.0,226.0
01/04/2019 15:00,394.0,241.0,327.0,248.0,162.0,183.0
01/04/2019 15:15,430.0,170.0,247.0,239.0,173.0,155.0
01/04/2019 15:30,326.0,110.0,256.0,174.0,161.0,142.0
01/04/2019 15:45,236.0,147.0,243.0,195.0,134.0,149.0
01/04/2019 16:00,169.0,92.0,196.0,192.0,129.0,133.0
01/04/2019 16:15,215.0,74.0,164.0,122.0,113.0,142.0
01/04/2019 16:30,155.0,63.0,202.0,127.0,102.0,121.0
01/04/2019 16:45,206.0,68.0,14.0,38.0,37.0,167.0
01/04/2019 17:00,622.0,115.0,38.0,51.0,44.0,119.0
01/04/2019 17:15,645.0,145.0,53.0,98.0,74.0,70.0
01/04/2019 17:30,601.0,250.0,67.0,143.0,121.0,87.0
01/04/2019 17:45,879.0,300.0,102.0,260.0,149.0,127.0
01/04/2019 18:00,806.0,420.0,157.0,389.0,231.0,203.0
01/04/2019 18:15,1020.0,434.0,192.0,394.0,303.0,210.0
01/04/2019 18:30,1148.0,482.0,208.0,464.0,304.0,291.0
01/04/2019 18:45,1236.0,583.0,287.0,367.0,352.0,360.0
01/04/2019 19:00,1295.0,737.0,357.0,558.0,434.0,349.0
01/04/2019 19:15,1408.0,889.0,391.0,573.0,425.0,417.0
01/04/2019 19:30,1285.0,1012.0,317.0,636.0,509.0,531.0
01/04/2019 19:45,1250.0,1206.0,332.0,644.0,444.0,698.0
01/04/2019 20:00,1080.0,1019.0,229.0,579.0,474.0,482.0
01/04/2019 20:15,1146.0,1175.0,313.0,642.0,614.0,474.0
01/04/2019 20:30,1224.0,1101.0,257.0,567.0,502.0,373.0
01/04/2019 20:45,1087.0,1134.0,293.0,579.0,482.0,461.0
01/04/2019 21:00,1214.0,1313.0,291.0,643.0,559.0,489.0
01/04/2019 21:15,1192.0,1319.0,242.0,552.0,521.0,497.0
01/04/2019 21:30,1084.0,1267.0,287.0,469.0,639.0,508.0
01/04/2019 21:45,970.0,1239.0,281.0,542.0,593.0,502.0
01/04/2019 22:00,1104.0,1217.0,335.0,484.0,616.0,501.0
01/04/2019 22:15,1248.0,1325.0,298.0,409.0,606.0,477.0
01/04/2019 22:30,1686.0,1232.0,262.0,424.0,519.0,451.0
01/04/2019 22:45,1742.0,1169.0,275.0,444.0,578.0,518.0
01/04/2019 23:00,1818.0,1234.0,354.0,528.0,582.0,471.0
01/04/2019 23:15,1723.0,1255.0,352.0,507.0,620.0,505.0
01/04/2019 23:30,1837.0,1389.0,355.0,614.0,487.0,445.0
01/04/2019 23:45,1703.0,1306.0,410.0,576.0,615.0,485.0
01/05/2019 00:00,1694.0,1446.0,372.0,528.0,605.0,533.0
01/05/2019 00:15,1535.0,1482.0,339.0,509.0,615.0,605.0
01/05/2019 00:30,1750.0,1303.0,391.0,514.0,591.0,524.0
01/05/2019 00:45,1830.0,1322.0,469.0,531.0,591.0,546.0
01/05/2019 01:00,1896.0,1236.0,399.0,527.0,536.0,537.0
01/05/2019 01:15,1906.0,1220.0,410.0,538.0,580.0,608.0
01/05/2019 01:30,1926.0,1283.0,414.0,555.0,534.0,587.0
01/05/2019 01:45,2282.0,1186.0,356.0,459.0,461.0,590.0
01/05/2019 02:00,2103.0,1143.0,434.0,506.0,458.0,595.0
01/05/2019 02:15,2302.0,1046.0,420.0,473.0,496.0,542.0
01/05/2019 02:30,2228.0,1002.0,458.0,530.0,544.0,481.0
01/05/2019 02:45,2251.0,925.0,465.0,507.0,472.0,517.0
01/05/2019 03:00,1943.0,934.0,477.0,454.0,439.0,562.0
01/05/2019 03:15,1791.0,960.0,402.0,447.0,505.0,499.0
01/05/2019 03:30,2032.0,902.0,471.0,396.0,451.0,513.0
01/05/2019 03:45,1707.0,744.0,502.0,403.0,467.0,502.0
01/05/2019 04:00,1469.0,906.0,498.0,416.0,506.0,411.0
01/05/2019 04:15,1684.0,788.0,517.0,476.0,475.0,556.0
01/05/2019 04:30,1880.0,787.0,379.0,431.0,377.0,448.0
01/05/2019 04:45,2001.0,677.0,424.0,324.0,391.0,447.0
01/05/2019 05:00,1890.0,636.0,386.0,327.0,302.0,418.0
01/05/2019 05:15,1648.0,497.0,357.0,418.0,298.0,354.0
01/05/2019 05:30,1334.0,541.0,332.0,358.0,289.0,310.0
01/05/2019 05:45,1293.0,527.0,346.0,373.0,297.0,312.0
01/05/2019 06:00,1226.0,430.0,288.0,467.0,278.0,339.0
01/05/2019 06:15,1136.0,344.0,325.0,325.0,223.0,209.0
01/05/2019 06:30,948.0,352.0,340.0,335.0,210.0,181.0
01/05/2019 06:45,752.0,208.0,321.0,278.0,133.0,236.0
01/05/2019 07:00,620.0,204.0,255.0,258.0,174.0,315.0
01/05/2019 07:15,492.0,183.0,282.0,262.0,198.0,245.0
01/05/2019 07:30,476.0,185.0,335.0,254.0,152.0,183.0
01/05/2019 07:45,447.0,182.0,286.0,201.0,138.0,142.0
01/05/2019 08:00,296.0,103.0,249.0,202.0,131.0,138.0
01/05/2019 08:15,245.0,118.0,253.0,249.0,121.0,144.0
01/05/2019 08:30,155.0,87.0,198.0,197.0,104.0,119.0
01/05/2019 08:45,188.0,69.0,161.0,120.0,63.0,148.0
01/05/2019 09:00,122.0,39.0,197.0,119.0,84.0,99.0
01/05/2019 09:15,450.0,72.0,42.0,79.0,27.0,126.0
01/05/2019 09:30,1039.0,189.0,67.0,115.0,90.0,177.0
01/05/2019 09:45,1123.0,266.0,119.0,272.0,118.0,150.0
01/05/2019 10:00,1118.0,490.0,180.0,464.0,236.0,202.0
01/05/2019 10:15,1420.0,570.0,342.0,518.0,323.0,206.0
01/05/2019 10:30,1680.0,1223.0,679.0,883.0,544.0,412.0
01/05/2019 10:45,1712.0,1726.0,1106.0,1194.0,806.0,818.0
01/05/2019 11:00,2209.0,1271.0,2121.0,1339.0,1406.0,1158.0
01/05/2019 11:15,2450.0,1309.0,3128.0,1320.0,1374.0,1548.0
01/05/2019 11:30,2438.0,1436.0,3733.0,969.0,943.0,1076.0
01/05/2019 11:45,2277.0,1337.0,3188.0,1204.0,860.0,1001.0
01/05/2019 12:00,1898.0,1419.0,2217.0,935.0,746.0,892.0
01/05/2019 12:15,1671.0,1409.0,2028.0,876.0,718.0,742.0
01/05/2019 12:30,1903.0,1184.0,992.0,693.0,624.0,514.0
01/05/2019 12:45,1428.0,1125.0,580.0,863.0,528.0,454.0
01/05/2019 13:00,1354.0,794.0,474.0,552.0,425.0,322.0
01/05/2019 13:15,1167.0,934.0,412.0,565.0,398.0,323.0
01/05/2019 13:30,1283.0,743.0,288.0,587.0,367.0,351.0
01/05/2019 13:45,1303.0,729.0,356.0,457.0,377.0,296.0
01/05/2019 14:00,1062.0,771.0,304.0,462.0,326.0,338.0
01/05/2019 14:15,1297.0,611.0,275.0,532.0,321.0,253.0
01/05/2019 14:30,1302.0,630.0,311.0,399.0,336.0,326.0
01/05/2019 14:45,1208.0,759.0,344.0,401.0,330.0,316.0
01/05/2019 15:00,1467.0,518.0,202.0,406.0,345.0,324.0
01/05/2019 15:15,1584.0,612.0,287.0,395.0,364.0,287.0
01/05/2019 15:30,1293.0,762.0,395.0,450.0,332.0,311.0
01/05/2019 15:45,1427.0,755.0,251.0,539.0,360.0,339.0
01/05/2019 16:00,1303.0,656.0,288.0,514.0,386.0,288.0
01/05/2019 16:15,1232.0,732.0,376.0,544.0,369.0,332.0
01/05/2019 16:30,1233.0,767.0,344.0,488.0,373.0,332.0
01/05/2019 16:45,1168.0,679.0,277.0,413.0,343.0,260.0
01/05/2019 17:00,1232.0,622.0,331.0,487.0,311.0,372.0
01/05/2019 17:15,1336.0,647.0,325.0,438.0,318.0,294.0
01/05/2019 17:30,1324.0,547.0,285.0,423.0,342.0,262.0
01/05/2019 17:45,1223.0,558.0,278.0,420.0,257.0,340.0
01/05/2019 18:00,1270.0,577.0,261.0,408.0,271.0,321.0
01/05/2019 18:15,1413.0,490.0,247.0,379.0,274.0,269.0
01/05/2019 18:30,1344.0,477.0,295.0,482.0,233.0,366.0
01/05/2019 18:45,1432.0,479.0,262.0,363.0,211.0,283.0
01/05/2019 19:00,1284.0,440.0,246.0,394.0,259.0,323.0
01/05/2019 19:15,1359.0,426.0,321.0,446.0,261.0,285.0
01/05/2019 19:30,1414.0,436.0,344.0,322.0,234.0,323.0
01/05/2019 19:45,1245.0,475.0,279.0,327.0,282.0,329.0
01/05/2019 20:00,1300.0,430.0,360.0,329.0,281.0,371.0
01/05/2019 20:15,1134.0,469.0,504.0,498.0,382.0,381.0
01/05/2019 20:30,1353.0,608.0,613.0,501.0,414.0,424.0
01/05/2019 20:45,1346.0,599.0,683.0,524.0,536.0,495.0
01/05/2019 21:00,1342.0,673.0,753.0,558.0,493.0,535.0
01/05/2019 21:15,1394.0,662.0,720.0,529.0,412.0,450.0
01/05/2019 21:30,1233.0,508.0,540.0,480.0,383.0,409.0
01/05/2019 21:45,1121.0,518.0,518.0,328.0,338.0,357.0
01/05/2019 22:00,1033.0,327.0,457.0,376.0,270.0,292.0
01/05/2019 22:15,847.0,357.0,270.0,312.0,230.0,274.0
01/05/2019 22:30,726.0,289.0,295.0,261.0,249.0,232.0
01/05/2019 22:45,665.0,182.0,265.0,274.0,195.0,184.0
01/05/2019 23:00,553.0,206.0,263.0,265.0,171.0,193.0
01/05/2019 23:15,528.0,171.0,245.0,270.0,135.0,168.0
01/05/2019 23:30,505.0,167.0,213.0,195.0,177.0,137.0
01/05/2019 23:45,355.0,185.0,269.0,232.0,145.0,156.0
01/06/2019 00:00,327.0,122.0,204.0,207.0,140.0,101.0
01/06/2019 00:15,333.0,124.0,267.0,267.0,130.0,120.0
01/06/2019 00:30,228.0,125.0,247.0,223.0,138.0,116.0
01/06/2019 00:45,167.0,80.0,151.0,208.0,108.0,106.0
01/06/2019 01:00,154.0,87.0,169.0,164.0,96.0,85.0
01/06/2019 01:15,174.0,56.0,150.0,117.0,80.0,109.0
01/06/2019 01:30,115.0,39.0,100.0,94.0,67.0,77.0
01/06/2019 01:45,332.0,77.0,28.0,52.0,43.0,77.0
01/06/2019 02:00,765.0,183.0,45.0,86.0,61.0,141.0
01/06/2019 02:15,817.0,230.0,87.0,243.0,136.0,124.0
01/06/2019 02:30,850.0,462.0,162.0,435.0,228.0,194.0
01/06/2019 02:45,1204.0,582.0,324.0,531.0,337.0,195.0
01/06/2019 03:00,1442.0,1326.0,617.0,781.0,573.0,350.0
01/06/2019 03:15,1700.0,1387.0,930.0,1060.0,797.0,726.0
01/06/2019 03:30,1913.0,1278.0,2059.0,1173.0,1313.0,1089.0
01/06/2019 03:45,2200.0,1402.0,2944.0,1243.0,1246.0,1445.0
01/06/2019 04:00,2201.0,1281.0,3510.0,973.0,864.0,1028.0
01/06/2019 04:15,2173.0,1592.0,3213.0,1111.0,881.0,1071.0
01/06/2019 04:30,1949.0,1258.0,2182.0,958.0,791.0,918.0
01/06/2019 04:45,1613.0,1295.0,1819.0,891.0,690.0,766.0
01/06/2019 05:00,1691.0,1245.0,982.0,785.0,567.0,605.0
01/06/2019 05:15,1314.0,1142.0,591.0,591.0,471.0,418.0
01/06/2019 05:30,1253.0,841.0,506.0,538.0,496.0,330.0
01/06/2019 05:45,1176.0,795.0,492.0,612.0,378.0,334.0
01/06/2019 06:00,1273.0,904.0,347.0,500.0,364.0,322.0
01/06/2019 06:15,1153.0,683.0,336.0,571.0,340.0,313.0
01/06/2019 06:30,1059.0,869.0,315.0,551.0,344.0,339.0
01/06/2019 06:45,1232.0,638.0,256.0,507.0,333.0,271.0
01/06/2019 07:00,1180.0,601.0,315.0,408.0,373.0,282.0
01/06/2019 07:15,1157.0,725.0,268.0,441.0,360.0,339.0
01/06/2019 07:30,1544.0,674.0,278.0,322.0,313.0,308.0
01/06/2019 07:45,1572.0,619.0,219.0,400.0,408.0,303.0
01/06/2019 08:00,1332.0,835.0,376.0,470.0,359.0,362.0
01/06/2019 08:15,1421.0,838.0,244.0,464.0,365.0,360.0
01/06/2019 08:30,1375.0,750.0,290.0,509.0,424.0,264.0
01/06/2019 08:45,1434.0,915.0,380.0,513.0,380.0,394.0
01/06/2019 09:00,1289.0,727.0,301.0,557.0,408.0,258.0
01/06/2019 09:15,1172.0,796.0,374.0,439.0,361.0,286.0
01/06/2019 09:30,1127.0,811.0,310.0,503.0,343.0,321.0
01/06/2019 09:45,1399.0,668.0,287.0,433.0,320.0,286.0
01/06/2019 10:00,1306.0,653.0,280.0,465.0,348.0,281.0
01/06/2019 10:15,1235.0,820.0,316.0,408.0,296.0,302.0
01/06/2019 10:30,1528.0,569.0,251.0,396.0,270.0,329.0
01/06/2019 10:45,1467.0,560.0,242.0,379.0,305.0,321.0
01/06/2019 11:00,1348.0,681.0,355.0,393.0,302.0,363.0
01/06/2019 11:15,1644.0,524.0,298.0,413.0,304.0,411.0
01/06/2019 11:30,1319.0,518.0,288.0,399.0,275.0,358.0
01/06/2019 11:45,1409.0,545.0,338.0,373.0,314.0,325.0
01/06/2019 12:00,1544.0,546.0,357.0,376.0,324.0,348.0
01/06/2019 12:15,1301.0,529.0,324.0,341.0,345.0,362.0
01/06/2019 12:30,1181.0,523.0,387.0,336.0,316.0,349.0
01/06/2019 12:45,1367.0,632.0,552.0,515.0,449.0,407.0
01/06/2019 13:00,1366.0,623.0,595.0,435.0,472.0,528.0
01/06/2019 13:15,1411.0,691.0,770.0,592.0,547.0,513.0
01/06/2019 13:30,1439.0,705.0,816.0,596.0,613.0,560.0
01/06/2019 13:45,1315.0,722.0,740.0,525.0,438.0,515.0
01/06/2019 14:00,1258.0,684.0,545.0,461.0,424.0,460.0
01/06/2019 14:15,976.0,534.0,493.0,363.0,365.0,311.0
01/06/2019 14:30,888.0,493.0,457.0,357.0,290.0,338.0
01/06/2019 14:45,791.0,476.0,311.0,311.0,292.0,353.0
01/06/2019 15:00,793.0,311.0,363.0,304.0,281.0,211.0
01/06/2019 15:15,640.0,308.0,326.0,323.0,229.0,199.0
01/06/2019 15:30,560.0,231.0,275.0,284.0,189.0,190.0
01/06/2019 15:45,507.0,222.0,253.0,298.0,162.0,220.0
01/06/2019 16:00,566.0,192.0,288.0,249.0,135.0,184.0
01/06/2019 16:15,440.0,184.0,192.0,270.0,191.0,205.0
01/06/2019 16:30,373.0,134.0,267.0,260.0,151.0,155.0
01/06/2019 16:45,372.0,146.0,286.0,258.0,140.0,139.0
01/06/2019 17:00,306.0,123.0,257.0,287.0,128.0,128.0
01/06/2019 17:15,182.0,94.0,207.0,212.0,121.0,133.0
01/06/2019 17:30,169.0,89.0,198.0,148.0,120.0,107.0
01/06/2019 17:45,172.0,64.0,129.0,127.0,101.0,109.0
01/06/2019 18:00,171.0,59.0,131.0,133.0,80.0,87.0
01/06/2019 18:15,345.0,71.0,20.0,62.0,32.0,81.0
01/06/2019 18:30,713.0,141.0,59.0,92.0,65.0,94.0
01/06/2019 18:45,770.0,248.0,102.0,258.0,149.0,115.0
01/06/2019 19:00,855.0,467.0,170.0,463.0,203.0,179.0
01/06/2019 19:15,1348.0,469.0,285.0,477.0,293.0,181.0
01/06/2019 19:30,1356.0,1176.0,616.0,796.0,510.0,415.0
01/06/2019 19:45,1573.0,1695.0,1014.0,1068.0,835.0,620.0
01/06/2019 20:00,1878.0,1157.0,1903.0,1226.0,1300.0,1247.0
01/06/2019 20:15,2279.0,1386.0,3047.0,1168.0,1203.0,1178.0
01/06/2019 20:30,2314.0,1266.0,3321.0,966.0,925.0,1249.0
01/06/2019 20:45,2159.0,1494.0,3384.0,1159.0,958.0,1093.0
01/06/2019 21:00,1855.0,1264.0,2164.0,944.0,781.0,850.0
01/06/2019 21:15,1525.0,1398.0,1784.0,780.0,673.0,891.0
01/06/2019 21:30,1625.0,1070.0,1047.0,697.0,505.0,532.0
01/06/2019 21:45,1354.0,1053.0,526.0,845.0,515.0,512.0
01/06/2019 22:00,1320.0,848.0,532.0,585.0,402.0,283.0
01/06/2019 22:15,881.0,905.0,380.0,548.0,429.0,336.0
01/06/2019 22:30,1372.0,753.0,327.0,623.0,346.0,355.0
01/06/2019 22:45,1087.0,696.0,292.0,484.0,353.0,325.0
01/06/2019 23:00,1130.0,729.0,281.0,626.0,346.0,299.0
01/06/2019 23:15,1191.0,581.0,300.0,401.0,366.0,309.0
01/06/2019 23:30,1148.0,571.0,310.0,361.0,323.0,334.0
01/06/2019 23:45,1411.0,687.0,283.0,511.0,397.0,322.0
01/07/2019 00:00,1524.0,623.0,245.0,347.0,380.0,281.0
01/07/2019 00:15,1364.0,576.0,317.0,362.0,369.0,300.0
01/07/2019 00:30,1399.0,680.0,338.0,494.0,371.0,337.0
01/07/2019 00:45,1494.0,871.0,280.0,439.0,340.0,359.0
01/07/2019 01:00,1363.0,730.0,313.0,464.0,393.0,281.0
01/07/2019 01:15,1312.0,827.0,355.0,452.0,430.0,336.0
01/07/2019 01:30,1316.0,718.0,299.0,483.0,383.0,328.0
01/07/2019 01:45,1128.0,693.0,264.0,477.0,377.0,344.0
01/07/2019 02:00,1177.0,697.0,338.0,496.0,273.0,279.0
01/07/2019 02:15,1393.0,524.0,251.0,473.0,279.0,346.0
01/07/2019 02:30,1281.0,593.0,256.0,420.0,326.0,291.0
01/07/2019 02:45,1218.0,623.0,261.0,547.0,275.0,308.0
01/07/2019 03:00,1468.0,565.0,218.0,415.0,249.0,300.0
01/07/2019 03:15,1442.0,497.0,238.0,385.0,290.0,300.0
01/07/2019 03:30,1365.0,533.0,357.0,459.0,301.0,301.0
01/07/2019 03:45,1571.0,463.0,239.0,350.0,275.0,433.0
01/07/2019 04:00,1350.0,487.0,254.0,450.0,270.0,331.0
01/07/2019 04:15,1568.0,470.0,351.0,462.0,266.0,328.0
01/07/2019 04:30,1397.0,529.0,334.0,359.0,304.0,388.0
01/07/2019 04:45,1259.0,430.0,314.0,423.0,285.0,408.0
01/07/2019 05:00,1309.0,572.0,406.0,314.0,371.0,348.0
01/07/2019 05:15,1333.0,542.0,502.0,480.0,413.0,373.0
01/07/2019 05:30,1338.0,677.0,656.0,499.0,490.0,439.0
01/07/2019 05:45,1423.0,668.0,724.0,542.0,600.0,544.0
01/07/2019 06:00,1492.0,674.0,775.0,565.0,575.0,488.0
01/07/2019 06:15,1380.0,699.0,721.0,555.0,493.0,504.0
01/07/2019 06:30,1285.0,659.0,539.0,445.0,436.0,447.0
01/07/2019 06:45,987.0,514.0,477.0,417.0,361.0,376.0
01/07/2019 07:00,922.0,453.0,453.0,413.0,305.0,351.0
01/07/2019 07:15,829.0,466.0,329.0,339.0,284.0,278.0
01/07/2019 07:30,719.0,302.0,330.0,303.0,264.0,207.0
01/07/2019 07:45,626.0,234.0,275.0,303.0,211.0,203.0
01/07/2019 08:00,610.0,233.0,282.0,283.0,195.0,221.0
01/07/2019 08:15,492.0,180.0,252.0,255.0,152.0,206.0
01/07/2019 08:30,456.0,155.0,308.0,226.0,171.0,177.0
01/07/2019 08:45,388.0,151.0,232.0,295.0,145.0,174.0
01/07/2019 09:00,355.0,149.0,238.0,223.0,146.0,148.0
01/07/2019 09:15,363.0,141.0,210.0,234.0,144.0,159.0
01/07/2019 09:30,280.0,131.0,274.0,265.0,104.0,136.0
01/07/2019 09:45,226.0,94.0,192.0,150.0,111.0,133.0
01/07/2019 10:00,167.0,85.0,174.0,190.0,92.0,129.0
01/07/2019 10:15,192.0,64.0,112.0,102.0,109.0,84.0
01/07/2019 10:30,106.0,53.0,138.0,104.0,88.0,77.0
01/07/2019 10:45,305.0,57.0,17.0,54.0,24.0,126.0
01/07/2019 11:00,805.0,147.0,65.0,102.0,85.0,118.0
01/07/2019 11:15,876.0,230.0,95.0,277.0,128.0,111.0
01/07/2019 11:30,934.0,411.0,148.0,393.0,230.0,166.0
01/07/2019 11:45,1162.0,584.0,271.0,524.0,291.0,178.0
01/07/2019 12:00,1368.0,1078.0,602.0,664.0,550.0,374.0
01/07/2019 12:15,1634.0,1540.0,1011.0,1140.0,781.0,685.0
01/07/2019 12:30,1973.0,1072.0,1754.0,1176.0,1312.0,1129.0
01/07/2019 12:45,2176.0,1410.0,3190.0,1310.0,1336.0,1318.0
01/07/2019 13:00,2031.0,1498.0,3394.0,1004.0,895.0,1120.0
01/07/2019 13:15,2276.0,1434.0,3071.0,1063.0,964.0,1148.0
01/07/2019 13:30,1907.0,1179.0,2288.0,999.0,686.0,833.0
01/07/2019 13:45,1679.0,1355.0,1965.0,918.0,715.0,734.0
01/07/2019 14:00,1620.0,1278.0,993.0,750.0,555.0,578.0
01/07/2019 14:15,1406.0,1083.0,588.0,826.0,556.0,526.0
01/07/2019 14:30,1196.0,836.0,515.0,563.0,451.0,341.0
01/07/2019 14:45,1295.0,790.0,404.0,517.0,370.0,322.0
01/07/2019 15:00,1329.0,738.0,320.0,605.0,359.0,395.0
01/07/2019 15:15,1152.0,833.0,364.0,569.0,376.0,338.0
01/07/2019 15:30,1133.0,735.0,277.0,565.0,347.0,336.0
01/07/2019 15:45,1288.0,632.0,298.0,503.0,346.0,316.0
01/07/2019 16:00,1300.0,648.0,328.0,419.0,393.0,280.0
01/07/2019 16:15,1378.0,758.0,334.0,562.0,351.0,365.0
01/07/2019 16:30,1733.0,597.0,257.0,407.0,374.0,306.0
01/07/2019 16:45,1603.0,611.0,308.0,409.0,324.0,340.0
01/07/2019 17:00,1505.0,839.0,371.0,587.0,354.0,302.0
01/07/2019 17:15,1658.0,916.0,314.0,516.0,388.0,353.0
01/07/2019 17:30,1591.0,817.0,303.0,508.0,414.0,320.0
01/07/2019 17:45,1538.0,833.0,389.0,603.0,394.0,343.0
01/07/2019 18:00,1385.0,819.0,290.0,502.0,414.0,366.0
01/07/2019 18:15,1290.0,783.0,355.0,500.0,389.0,304.0
01/07/2019 18:30,1196.0,740.0,322.0,515.0,368.0,323.0
01/07/2019 18:45,1548.0,754.0,304.0,467.0,332.0,305.0
01/07/2019 19:00,1470.0,626.0,259.0,489.0,392.0,287.0
01/07/2019 19:15,1547.0,656.0,317.0,485.0,308.0,342.0
01/07/2019 19:30,1616.0,574.0,264.0,503.0,317.0,346.0
01/07/2019 19:45,1645.0,529.0,248.0,408.0,269.0,335.0
01/07/2019 20:00,1518.0,586.0,288.0,436.0,248.0,377.0
01/07/2019 20:15,1645.0,508.0,315.0,450.0,281.0,382.0
01/07/2019 20:30,1587.0,534.0,280.0,398.0,261.0,357.0
01/07/2019 20:45,1574.0,491.0,333.0,416.0,281.0,307.0
01/07/2019 21:00,1588.0,552.0,379.0,392.0,297.0,382.0
01/07/2019 21:15,1364.0,506.0,318.0,422.0,308.0,404.0
01/07/2019 21:30,1379.0,544.0,410.0,407.0,340.0,386.0
01/07/2019 21:45,1417.0,592.0,492.0,500.0,417.0,468.0
01/07/2019 22:00,1469.0,700.0,619.0,569.0,393.0,473.0
01/07/2019 22:15,1508.0,661.0,772.0,605.0,544.0,543.0
01/07/2019 22:30,1495.0,718.0,786.0,607.0,564.0,573.0
01/07/2019 22:45,1548.0,701.0,751.0,584.0,553.0,495.0
01/07/2019 23:00,1405.0,673.0,572.0,452.0,450.0,435.0
01/07/2019 23:15,1113.0,496.0,535.0,454.0,373.0,367.0
01/07/2019 23:30,1035.0,499.0,457.0,468.0,360.0,318.0
01/07/2019 23:45,843.0,416.0,293.0,312.0,273.0,328.0
01/08/2019 00:00,858.0,356.0,365.0,319.0,258.0,252.0
01/08/2019 00:15,696.0,292.0,301.0,360.0,211.0,196.0
01/08/2019 00:30,610.0,245.0,259.0,328.0,165.0,194.0
01/08/2019 00:45,543.0,188.0,269.0,258.0,183.0,235.0
01/08/2019 01:00,466.0,188.0,244.0,311.0,171.0,191.0
01/08/2019 01:15,403.0,202.0,288.0,263.0,196.0,250.0
01/08/2019 01:30,429.0,156.0,203.0,255.0,152.0,155.0
01/08/2019 01:45,328.0,153.0,277.0,258.0,125.0,159.0
01/08/2019 02:00,314.0,124.0,195.0,271.0,107.0,144.0
01/08/2019 02:15,298.0,139.0,204.0,227.0,135.0,111.0
01/08/2019 02:30,182.0,85.0,183.0,178.0,114.0,122.0
01/08/2019 02:45,195.0,75.0,145.0,133.0,109.0,153.0
01/08/2019 03:00,140.0,72.0,104.0,114.0,81.0,74.0
01/08/2019 03:15,328.0,68.0,22.0,44.0,38.0,81.0
01/08/2019 03:30,803.0,152.0,54.0,115.0,79.0,113.0
01/08/2019 03:45,828.0,232.0,101.0,234.0,126.0,116.0
01/08/2019 04:00,922.0,413.0,142.0,431.0,240.0,145.0
01/08/2019 04:15,1319.0,494.0,313.0,462.0,299.0,177.0
01/08/2019 04:30,1306.0,1136.0,601.0,686.0,506.0,401.0
01/08/2019 04:45,1538.0,1462.0,932.0,1056.0,814.0,642.0
01/08/2019 05:00,1968.0,1168.0,1898.0,1204.0,1256.0,1111.0
01/08/2019 05:15,2066.0,1216.0,3007.0,1282.0,1271.0,1338.0
01/08/2019 05:30,2093.0,1403.0,3530.0,967.0,1032.0,1007.0
01/08/2019 05:45,2315.0,1460.0,2817.0,1092.0,925.0,1033.0
01/08/2019 06:00,1865.0,1247.0,2252.0,938.0,715.0,819.0
01/08/2019 06:15,1644.0,1362.0,1899.0,795.0,666.0,823.0
01/08/2019 06:30,1928.0,960.0,1054.0,770.0,600.0,593.0
01/08/2019 06:45,1496.0,1187.0,568.0,739.0,582.0,468.0
01/08/2019 07:00,1456.0,853.0,433.0,605.0,444.0,316.0
01/08/2019 07:15,1463.0,709.0,447.0,550.0,373.0,374.0
01/08/2019 07:30,1429.0,883.0,326.0,662.0,376.0,342.0
01/08/2019 07:45,1425.0,726.0,256.0,528.0,424.0,345.0
01/08/2019 08:00,1296.0,859.0,346.0,493.0,362.0,328.0
01/08/2019 08:15,1494.0,588.0,257.0,576.0,362.0,318.0
01/08/2019 08:30,1325.0,602.0,253.0,422.0,414.0,318.0
01/08/2019 08:45,1627.0,714.0,290.0,409.0,375.0,391.0
01/08/2019 09:00,2005.0,677.0,260.0,436.0,371.0,327.0
01/08/2019 09:15,1892.0,627.0,279.0,420.0,389.0,377.0
01/08/2019 09:30,1953.0,782.0,387.0,474.0,339.0,422.0
01/08/2019 09:45,1944.0,928.0,321.0,576.0,375.0,396.0
01/08/2019 10:00,1781.0,788.0,329.0,484.0,422.0,331.0
01/08/2019 10:15,1893.0,854.0,331.0,582.0,431.0,359.0
01/08/2019 10:30,1761.0,868.0,339.0,566.0,414.0,377.0
01/08/2019 10:45,1458.0,729.0,246.0,515.0,422.0,378.0
01/08/2019 11:00,1530.0,824.0,352.0,515.0,405.0,414.0
01/08/2019 11:15,1825.0,731.0,274.0,599.0,329.0,344.0
01/08/2019 11:30,1766.0,606.0,261.0,528.0,366.0,360.0
01/08/2019 11:45,1686.0,670.0,319.0,574.0,284.0,369.0
01/08/2019 12:00,1947.0,618.0,270.0,448.0,282.0,407.0
01/08/2019 12:15,1900.0,616.0,320.0,459.0,327.0,392.0
01/08/2019 12:30,1937.0,718.0,345.0,566.0,337.0,514.0
01/08/2019 12:45,2067.0,624.0,339.0,542.0,363.0,430.0
01/08/2019 13:00,2069.0,628.0,326.0,571.0,339.0,417.0
01/08/2019 13:15,2294.0,552.0,366.0,550.0,308.0,497.0
01/08/2019 13:30,2126.0,518.0,435.0,450.0,364.0,471.0
01/08/2019 13:45,1992.0,703.0,398.0,506.0,396.0,386.0
01/08/2019 14:00,2321.0,577.0,415.0,456.0,420.0,453.0
01/08/2019 14:15,2211.0,690.0,525.0,635.0,535.0,474.0
01/08/2019 14:30,2669.0,826.0,742.0,645.0,633.0,599.0
01/08/2019 14:45,2757.0,851.0,722.0,730.0,693.0,695.0
01/08/2019 15:00,3129.0,899.0,797.0,757.0,756.0,630.0
01/08/2019 15:15,3233.0,861.0,842.0,707.0,592.0,668.0
01/08/2019 15:30,3098.0,680.0,673.0,734.0,554.0,606.0
01/08/2019 15:45,2623.0,789.0,615.0,577.0,481.0,607.0
01/08/2019 16:00,2258.0,664.0,500.0,601.0,514.0,480.0
01/08/2019 16:15,1728.0,659.0,362.0,524.0,391.0,448.0
01/08/2019 16:30,1620.0,463.0,411.0,434.0,352.0,349.0
01/08/2019 16:45,1334.0,430.0,419.0,398.0,246.0,281.0
01/08/2019 17:00,1179.0,393.0,356.0,418.0,249.0,288.0
01/08/2019 17:15,854.0,310.0,312.0,334.0,223.0,270.0
01/08/2019 17:30,751.0,258.0,296.0,281.0,269.0,216.0
01/08/2019 17:45,601.0,322.0,296.0,378.0,238.0,273.0
01/08/2019 18:00,589.0,211.0,272.0,292.0,229.0,222.0
01/08/2019 18:15,523.0,213.0,297.0,298.0,165.0,173.0
01/08/2019 18:30,434.0,223.0,293.0,327.0,180.0,206.0
01/08/2019 18:45,352.0,149.0,235.0,286.0,162.0,141.0
01/08/2019 19:00,219.0,121.0,271.0,217.0,140.0,149.0
01/08/2019 19:15,236.0,107.0,242.0,169.0,105.0,146.0
01/08/2019 19:30,163.0,85.0,171.0,196.0,128.0,127.0
01/08/2019 19:45,373.0,51.0,12.0,49.0,32.0,176.0
01/08/2019 20:00,893.0,123.0,44.0,66.0,56.0,126.0
01/08/2019 20:15,1091.0,138.0,49.0,114.0,89.0,62.0
01/08/2019 20:30,986.0,260.0,74.0,207.0,116.0,94.0
01/08/2019 20:45,1479.0,305.0,140.0,308.0,178.0,146.0
01/08/2019 21:00,1518.0,592.0,222.0,453.0,240.0,225.0
01/08/2019 21:15,1762.0,645.0,214.0,487.0,398.0,258.0
01/08/2019 21:30,1833.0,771.0,376.0,439.0,330.0,284.0
01/08/2019 21:45,1922.0,694.0,574.0,627.0,449.0,334.0
01/08/2019 22:00,2335.0,982.0,899.0,716.0,515.0,391.0
01/08/2019 22:15,2205.0,1166.0,780.0,694.0,565.0,424.0
01/08/2019 22:30,2172.0,1260.0,549.0,711.0,563.0,564.0
01/08/2019 22:45,2254.0,1425.0,457.0,873.0,667.0,701.0
01/08/2019 23:00,2002.0,1331.0,512.0,842.0,621.0,527.0
01/08/2019 23:15,1807.0,1260.0,513.0,756.0,690.0,523.0
01/08/2019 23:30,1753.0,1380.0,416.0,634.0,615.0,505.0
01/08/2019 23:45,1925.0,1386.0,375.0,743.0,670.0,412.0
01/09/2019 00:00,1684.0,1350.0,370.0,756.0,635.0,564.0
01/09/2019 00:15,1629.0,1283.0,349.0,672.0,702.0,519.0
01/09/2019 00:30,1576.0,1400.0,314.0,585.0,686.0,528.0
01/09/2019 00:45,1457.0,1433.0,378.0,648.0,658.0,467.0
01/09/2019 01:00,1560.0,1480.0,340.0,552.0,699.0,511.0
01/09/2019 01:15,1778.0,1440.0,405.0,553.0,670.0,534.0
01/09/2019 01:30,1762.0,1244.0,365.0,538.0,602.0,467.0
01/09/2019 01:45,1959.0,1222.0,299.0,606.0,574.0,498.0
01/09/2019 02:00,1842.0,1373.0,403.0,590.0,657.0,524.0
01/09/2019 02:15,1982.0,1344.0,381.0,578.0,795.0,606.0
01/09/2019 02:30,1893.0,1445.0,438.0,719.0,742.0,514.0
01/09/2019 02:45,1650.0,1311.0,423.0,698.0,659.0,539.0
01/09/2019 03:00,1729.0,1436.0,320.0,630.0,698.0,588.0
01/09/2019 03:15,1774.0,1569.0,463.0,599.0,672.0,510.0
01/09/2019 03:30,1624.0,1569.0,342.0,602.0,642.0,538.0
01/09/2019 03:45,1695.0,1326.0,398.0,630.0,734.0,591.0
01/09/2019 04:00,1603.0,1548.0,439.0,635.0,636.0,569.0
01/09/2019 04:15,1979.0,1420.0,391.0,622.0,628.0,536.0
01/09/2019 04:30,1862.0,1415.0,396.0,604.0,626.0,559.0
01/09/2019 04:45,2106.0,1256.0,350.0,661.0,567.0,558.0
01/09/2019 05:00,1807.0,1302.0,438.0,470.0,627.0,561.0
01/09/2019 05:15,1790.0,1119.0,509.0,505.0,561.0,522.0
01/09/2019 05:30,1866.0,1175.0,460.0,476.0,577.0,504.0
01/09/2019 05:45,1682.0,1032.0,499.0,550.0,477.0,537.0
01/09/2019 06:00,1714.0,1153.0,456.0,466.0,541.0,610.0
01/09/2019 06:15,1522.0,1194.0,463.0,360.0,536.0,634.0
01/09/2019 06:30,1483.0,985.0,590.0,446.0,651.0,597.0
01/09/2019 06:45,1422.0,1096.0,604.0,472.0,602.0,546.0
01/09/2019 07:00,1402.0,1184.0,554.0,447.0,659.0,575.0
01/09/2019 07:15,1489.0,1136.0,569.0,511.0,631.0,586.0
01/09/2019 07:30,1558.0,1035.0,524.0,462.0,559.0,598.0
01/09/2019 07:45,1670.0,1055.0,436.0,430.0,523.0,583.0
01/09/2019 08:00,1471.0,878.0,452.0,404.0,476.0,494.0
01/09/2019 08:15,1512.0,806.0,417.0,352.0,407.0,395.0
01/09/2019 08:30,1159.0,716.0,389.0,414.0,401.0,347.0
01/09/2019 08:45,1015.0,674.0,296.0,337.0,306.0,343.0
01/09/2019 09:00,1154.0,738.0,342.0,352.0,278.0,382.0
01/09/2019 09:15,941.0,581.0,238.0,306.0,313.0,309.0
01/09/2019 09:30,867.0,409.0,314.0,297.0,240.0,259.0
01/09/2019 09:45,748.0,437.0,297.0,337.0,213.0,279.0
01/09/2019 10:00,684.0,289.0,278.0,272.0,249.0,267.0
01/09/2019 10:15,564.0,279.0,392.0,295.0,252.0,270.0
01/09/2019 10:30,525.0,284.0,368.0,341.0,173.0,204.0
01/09/2019 10:45,476.0,228.0,302.0,268.0,188.0,199.0
01/09/2019 11:00,341.0,153.0,277.0,253.0,144.0,138.0
01/09/2019 11:15,295.0,166.0,317.0,250.0,141.0,169.0
01/09/2019 11:30,212.0,104.0,229.0,227.0,166.0,189.0
01/09/2019 11:45,235.0,110.0,222.0,170.0,112.0,126.0
01/09/2019 12:00,213.0,63.0,173.0,137.0,122.0,129.0
01/09/2019 12:15,296.0,71.0,9.0,56.0,36.0,157.0
01/09/2019 12:30,716.0,142.0,35.0,60.0,47.0,139.0
01/09/2019 12:45,766.0,192.0,40.0,165.0,75.0,69.0
01/09/2019 13:00,707.0,263.0,68.0,178.0,125.0,78.0
01/09/2019 13:15,1123.0,313.0,86.0,285.0,189.0,194.0
01/09/2019 13:30,1154.0,498.0,167.0,449.0,223.0,207.0
01/09/2019 13:45,1290.0,534.0,155.0,421.0,341.0,239.0
01/09/2019 14:00,1271.0,527.0,243.0,462.0,238.0,255.0
01/09/2019 14:15,1378.0,650.0,242.0,435.0,346.0,289.0
01/09/2019 14:30,1502.0,744.0,354.0,626.0,447.0,387.0
01/09/2019 14:45,1532.0,1014.0,403.0,715.0,465.0,415.0
01/09/2019 15:00,1456.0,1111.0,305.0,724.0,514.0,578.0
01/09/2019 15:15,1604.0,1242.0,231.0,677.0,518.0,643.0
01/09/2019 15:30,1434.0,1237.0,304.0,811.0,613.0,469.0
01/09/2019 15:45,1395.0,1209.0,307.0,698.0,589.0,405.0
01/09/2019 16:00,1274.0,1316.0,295.0,714.0,545.0,410.0
01/09/2019 16:15,1256.0,1349.0,266.0,820.0,577.0,346.0
01/09/2019 16:30,1239.0,1571.0,266.0,667.0,642.0,469.0
01/09/2019 16:45,1294.0,1460.0,288.0,785.0,611.0,446.0
01/09/2019 17:00,1295.0,1585.0,265.0,690.0,710.0,451.0
01/09/2019 17:15,1203.0,1390.0,302.0,688.0,631.0,464.0
01/09/2019 17:30,1319.0,1532.0,305.0,538.0,751.0,455.0
01/09/2019 17:45,1562.0,1502.0,329.0,549.0,635.0,456.0
01/09/2019 18:00,1889.0,1394.0,288.0,588.0,621.0,515.0
01/09/2019 18:15,1883.0,1350.0,298.0,626.0,611.0,471.0
01/09/2019 18:30,1816.0,1336.0,349.0,599.0,720.0,506.0
01/09/2019 18:45,1807.0,1344.0,354.0,708.0,675.0,468.0
01/09/2019 19:00,1910.0,1379.0,393.0,745.0,692.0,606.0
01/09/2019 19:15,2009.0,1522.0,372.0,745.0,645.0,502.0
01/09/2019 19:30,1914.0,1534.0,372.0,559.0,647.0,537.0
01/09/2019 19:45,1952.0,1697.0,406.0,616.0,692.0,528.0
01/09/2019 20:00,1895.0,1548.0,353.0,627.0,625.0,547.0
01/09/2019 20:15,2019.0,1582.0,466.0,745.0,670.0,561.0
01/09/2019 20:30,1955.0,1413.0,470.0,622.0,591.0,539.0
01/09/2019 20:45,2161.0,1510.0,452.0,658.0,568.0,587.0
01/09/2019 21:00,2126.0,1352.0,376.0,567.0,500.0,547.0
01/09/2019 21:15,2281.0,1196.0,352.0,550.0,514.0,562.0
01/09/2019 21:30,2419.0,1280.0,428.0,560.0,581.0,603.0
01/09/2019 21:45,2357.0,927.0,443.0,596.0,550.0,515.0
01/09/2019 22:00,2529.0,1109.0,475.0,573.0,517.0,566.0
01/09/2019 22:15,2143.0,1018.0,462.0,578.0,477.0,498.0
01/09/2019 22:30,2237.0,1074.0,488.0,452.0,491.0,510.0
01/09/2019 22:45,2026.0,1026.0,427.0,389.0,569.0,567.0
01/09/2019 23:00,1911.0,994.0,498.0,447.0,501.0,554.0
01/09/2019 23:15,1797.0,923.0,509.0,487.0,613.0,474.0
01/09/2019 23:30,1671.0,887.0,533.0,498.0,546.0,484.0
01/09/2019 23:45,1664.0,895.0,526.0,461.0,508.0,522.0
01/10/2019 00:00,2092.0,845.0,469.0,453.0,387.0,455.0
01/10/2019 00:15,2164.0,767.0,418.0,429.0,429.0,422.0
01/10/2019 00:30,1830.0,765.0,424.0,452.0,412.0,395.0
01/10/2019 00:45,2100.0,592.0,383.0,461.0,360.0,377.0
01/10/2019 01:00,1625.0,582.0,366.0,409.0,310.0,334.0
01/10/2019 01:15,1582.0,560.0,344.0,446.0,259.0,346.0
01/10/2019 01:30,1527.0,497.0,368.0,506.0,256.0,378.0
01/10/2019 01:45,1325.0,415.0,361.0,373.0,267.0,281.0
01/10/2019 02:00,1142.0,291.0,388.0,335.0,231.0,250.0
01/10/2019 02:15,908.0,322.0,330.0,320.0,173.0,269.0
01/10/2019 02:30,734.0,251.0,330.0,307.0,204.0,238.0
01/10/2019 02:45,602.0,247.0,337.0,263.0,221.0,232.0
01/10/2019 03:00,592.0,208.0,418.0,300.0,173.0,204.0
01/10/2019 03:15,492.0,180.0,268.0,270.0,177.0,209.0
01/10/2019 03:30,318.0,131.0,247.0,267.0,143.0,172.0
01/10/2019 03:45,266.0,134.0,294.0,234.0,151.0,140.0
01/10/2019 04:00,180.0,90.0,192.0,247.0,117.0,152.0
01/10/2019 04:15,189.0,74.0,174.0,150.0,99.0,175.0
01/10/2019 04:30,160.0,67.0,204.0,111.0,92.0,129.0
01/10/2019 04:45,415.0,87.0,27.0,47.0,38.0,72.0
01/10/2019 05:00,1318.0,141.0,74.0,95.0,106.0,155.0
01/10/2019 05:15,1194.0,291.0,92.0,310.0,113.0,124.0
01/10/2019 05:30,1265.0,422.0,140.0,460.0,220.0,213.0
01/10/2019 05:45,1685.0,673.0,306.0,586.0,362.0,248.0
01/10/2019 06:00,1824.0,1375.0,673.0,895.0,544.0,497.0
01/10/2019 06:15,1778.0,1534.0,1108.0,1103.0,906.0,752.0
01/10/2019 06:30,2295.0,1233.0,2207.0,1276.0,1148.0,1186.0
01/10/2019 06:45,2577.0,1464.0,3241.0,1403.0,1457.0,1589.0
01/10/2019 07:00,2411.0,1584.0,3707.0,1106.0,1024.0,1160.0
01/10/2019 07:15,2604.0,1471.0,3033.0,1058.0,895.0,974.0
01/10/2019 07:30,2002.0,1593.0,2417.0,1173.0,840.0,915.0
01/10/2019 07:45,1871.0,1293.0,1976.0,986.0,646.0,789.0
01/10/2019 08:00,2017.0,1365.0,1025.0,903.0,685.0,530.0
01/10/2019 08:15,1393.0,1378.0,552.0,800.0,555.0,508.0
01/10/2019 08:30,1361.0,977.0,445.0,676.0,474.0,373.0
01/10/2019 08:45,1282.0,905.0,495.0,764.0,411.0,309.0
01/10/2019 09:00,1444.0,1119.0,347.0,685.0,408.0,442.0
01/10/2019 09:15,1298.0,865.0,297.0,685.0,440.0,371.0
01/10/2019 09:30,1390.0,829.0,329.0,607.0,416.0,407.0
01/10/2019 09:45,1393.0,853.0,315.0,603.0,379.0,333.0
01/10/2019 10:00,1376.0,705.0,282.0,465.0,421.0,377.0
01/10/2019 10:15,1396.0,856.0,310.0,476.0,463.0,304.0
01/10/2019 10:30,1682.0,768.0,309.0,524.0,402.0,347.0
01/10/2019 10:45,1505.0,746.0,287.0,411.0,448.0,324.0
01/10/2019 11:00,1685.0,771.0,372.0,664.0,384.0,413.0
01/10/2019 11:15,1576.0,941.0,311.0,593.0,474.0,343.0
01/10/2019 11:30,1472.0,901.0,362.0,579.0,499.0,312.0
01/10/2019 11:45,1553.0,873.0,451.0,674.0,450.0,379.0
01/10/2019 12:00,1435.0,989.0,338.0,680.0,444.0,399.0
01/10/2019 12:15,1280.0,825.0,341.0,546.0,472.0,358.0
01/10/2019 12:30,1347.0,841.0,374.0,529.0,368.0,358.0
01/10/2019 12:45,1545.0,815.0,276.0,626.0,311.0,355.0
01/10/2019 13:00,1480.0,742.0,290.0,531.0,398.0,327.0
01/10/2019 13:15,1366.0,790.0,318.0,524.0,337.0,384.0
01/10/2019 13:30,1698.0,589.0,286.0,488.0,356.0,384.0
01/10/2019 13:45,1636.0,555.0,304.0,447.0,339.0,354.0
01/10/2019 14:00,1590.0,628.0,350.0,549.0,270.0,408.0
01/10/2019 14:15,1663.0,693.0,305.0,481.0,314.0,440.0
01/10/2019 14:30,1574.0,604.0,307.0,424.0,345.0,352.0
01/10/2019 14:45,1617.0,536.0,313.0,470.0,347.0,386.0
01/10/2019 15:00,1482.0,583.0,415.0,434.0,311.0,397.0
01/10/2019 15:15,1301.0,568.0,307.0,391.0,366.0,375.0
01/10/2019 15:30,1407.0,630.0,444.0,450.0,305.0,366.0
01/10/2019 15:45,1268.0,614.0,509.0,526.0,496.0,452.0
01/10/2019 16:00,1498.0,694.0,625.0,540.0,532.0,543.0
01/10/2019 16:15,1447.0,659.0,763.0,633.0,541.0,485.0
01/10/2019 16:30,1464.0,755.0,797.0,568.0,575.0,510.0
01/10/2019 16:45,1443.0,655.0,727.0,535.0,424.0,491.0
01/10/2019 17:00,1318.0,621.0,496.0,496.0,403.0,452.0
01/10/2019 17:15,1029.0,475.0,536.0,402.0,356.0,426.0
01/10/2019 17:30,985.0,421.0,419.0,408.0,307.0,319.0
01/10/2019 17:45,843.0,436.0,276.0,350.0,280.0,318.0
01/10/2019 18:00,852.0,337.0,365.0,359.0,253.0,260.0
01/10/2019 18:15,663.0,256.0,297.0,331.0,220.0,210.0
01/10/2019 18:30,595.0,279.0,286.0,298.0,171.0,214.0
01/10/2019 18:45,544.0,194.0,278.0,280.0,136.0,220.0
01/10/2019 19:00,521.0,197.0,268.0,299.0,187.0,158.0
01/10/2019 19:15,421.0,202.0,257.0,288.0,164.0,155.0
01/10/2019 19:30,412.0,149.0,213.0,252.0,146.0,131.0
01/10/2019 19:45,343.0,122.0,267.0,238.0,143.0,112.0
01/10/2019 20:00,265.0,120.0,184.0,263.0,101.0,120.0
01/10/2019 20:15,202.0,91.0,178.0,200.0,140.0,108.0
01/10/2019 20:30,165.0,87.0,167.0,167.0,88.0,112.0
01/10/2019 20:45,182.0,62.0,129.0,139.0,82.0,98.0
01/10/2019 21:00,139.0,52.0,118.0,107.0,99.0,76.0
01/10/2019 21:15,436.0,74.0,33.0,60.0,41.0,71.0
01/10/2019 21:30,852.0,153.0,53.0,120.0,72.0,125.0
01/10/2019 21:45,894.0,240.0,71.0,294.0,105.0,132.0
01/10/2019 22:00,1037.0,397.0,162.0,410.0,227.0,150.0
01/10/2019 22:15,1435.0,576.0,360.0,514.0,319.0,189.0
01/10/2019 22:30,1496.0,1189.0,574.0,849.0,531.0,406.0
01/10/2019 22:45,1562.0,1493.0,955.0,934.0,858.0,728.0
01/10/2019 23:00,1903.0,1047.0,2056.0,1253.0,1230.0,1097.0
01/10/2019 23:15,2376.0,1426.0,2892.0,1343.0,1281.0,1284.0
01/10/2019 23:30,2419.0,1314.0,3647.0,1057.0,889.0,877.0
01/10/2019 23:45,2302.0,1403.0,2915.0,1143.0,1033.0,1234.0
01/11/2019 00:00,2041.0,1384.0,2283.0,1081.0,755.0,853.0
01/11/2019 00:15,1800.0,1298.0,2026.0,918.0,721.0,751.0
01/11/2019 00:30,1862.0,980.0,1039.0,911.0,548.0,619.0
01/11/2019 00:45,1525.0,1238.0,613.0,799.0,603.0,493.0
01/11/2019 01:00,1485.0,1017.0,481.0,626.0,443.0,333.0
01/11/2019 01:15,1490.0,853.0,353.0,797.0,434.0,397.0
01/11/2019 01:30,1417.0,731.0,323.0,666.0,386.0,361.0
01/11/2019 01:45,1320.0,724.0,318.0,591.0,466.0,335.0
01/11/2019 02:00,1227.0,781.0,322.0,643.0,397.0,328.0
01/11/2019 02:15,1428.0,616.0,236.0,609.0,428.0,318.0
01/11/2019 02:30,1316.0,702.0,254.0,412.0,396.0,280.0
01/11/2019 02:45,1439.0,807.0,316.0,563.0,401.0,383.0
01/11/2019 03:00,1753.0,553.0,251.0,478.0,339.0,330.0
01/11/2019 03:15,1592.0,538.0,232.0,422.0,383.0,320.0
01/11/2019 03:30,1725.0,801.0,366.0,561.0,375.0,363.0
01/11/2019 03:45,1616.0,805.0,257.0,597.0,419.0,310.0
01/11/2019 04:00,1767.0,671.0,313.0,549.0,500.0,279.0
01/11/2019 04:15,1576.0,853.0,371.0,649.0,417.0,328.0
01/11/2019 04:30,1531.0,715.0,302.0,587.0,416.0,295.0
01/11/2019 04:45,1260.0,660.0,269.0,544.0,413.0,316.0
01/11/2019 05:00,1426.0,736.0,363.0,570.0,341.0,346.0
01/11/2019 05:15,1619.0,692.0,280.0,534.0,312.0,321.0
01/11/2019 05:30,1505.0,579.0,267.0,538.0,382.0,276.0
01/11/2019 05:45,1451.0,702.0,358.0,675.0,347.0,302.0
01/11/2019 06:00,1593.0,616.0,280.0,490.0,298.0,353.0
01/11/2019 06:15,1591.0,531.0,279.0,498.0,288.0,312.0
01/11/2019 06:30,1452.0,523.0,300.0,519.0,275.0,340.0
01/11/2019 06:45,1739.0,558.0,271.0,456.0,290.0,337.0
01/11/2019 07:00,1606.0,524.0,241.0,451.0,322.0,314.0
01/11/2019 07:15,1473.0,514.0,324.0,481.0,294.0,313.0
01/11/2019 07:30,1514.0,507.0,357.0,463.0,296.0,337.0
01/11/2019 07:45,1426.0,494.0,348.0,390.0,337.0,386.0
01/11/2019 08:00,1376.0,535.0,404.0,379.0,354.0,374.0
01/11/2019 08:15,1301.0,634.0,468.0,573.0,505.0,431.0
01/11/2019 08:30,1398.0,702.0,581.0,527.0,596.0,468.0
01/11/2019 08:45,1321.0,615.0,729.0,619.0,520.0,558.0
01/11/2019 09:00,1546.0,682.0,861.0,637.0,620.0,527.0
01/11/2019 09:15,1419.0,698.0,710.0,559.0,464.0,487.0
01/11/2019 09:30,1195.0,606.0,488.0,491.0,429.0,462.0
01/11/2019 09:45,1030.0,470.0,461.0,449.0,416.0,343.0
01/11/2019 10:00,946.0,535.0,439.0,439.0,344.0,330.0
01/11/2019 10:15,866.0,410.0,287.0,379.0,259.0,251.0
01/11/2019 10:30,735.0,318.0,360.0,404.0,271.0,272.0
01/11/2019 10:45,750.0,321.0,363.0,303.0,222.0,253.0
01/11/2019 11:00,586.0,241.0,295.0,327.0,185.0,221.0
01/11/2019 11:15,495.0,263.0,252.0,272.0,190.0,193.0
01/11/2019 11:30,552.0,216.0,315.0,283.0,182.0,170.0
01/11/2019 11:45,395.0,192.0,264.0,379.0,160.0,167.0
01/11/2019 12:00,415.0,161.0,242.0,239.0,183.0,150.0
01/11/2019 12:15,334.0,136.0,313.0,220.0,137.0,152.0
01/11/2019 12:30,298.0,142.0,210.0,302.0,118.0,124.0
01/11/2019 12:45,189.0,87.0,145.0,196.0,134.0,111.0
01/11/2019 13:00,151.0,106.0,235.0,161.0,125.0,96.0
01/11/2019 13:15,193.0,59.0,148.0,122.0,70.0,126.0
01/11/2019 13:30,114.0,67.0,144.0,128.0,91.0,66.0
01/11/2019 13:45,374.0,76.0,18.0,57.0,57.0,66.0
01/11/2019 14:00,966.0,142.0,58.0,125.0,85.0,98.0
01/11/2019 14:15,979.0,254.0,103.0,271.0,125.0,129.0
01/11/2019 14:30,986.0,412.0,162.0,415.0,233.0,151.0
01/11/2019 14:45,1338.0,593.0,301.0,493.0,334.0,165.0
01/11/2019 15:00,1698.0,1251.0,604.0,759.0,528.0,368.0
01/11/2019 15:15,1777.0,1516.0,1091.0,1195.0,781.0,774.0
01/11/2019 15:30,2080.0,1229.0,2031.0,1275.0,1357.0,1112.0
01/11/2019 15:45,2427.0,1204.0,3284.0,1273.0,1285.0,1239.0
01/11/2019 16:00,2281.0,1434.0,3119.0,1137.0,872.0,1129.0
01/11/2019 16:15,2502.0,1390.0,3046.0,1138.0,999.0,1089.0
01/11/2019 16:30,2013.0,1263.0,2278.0,1082.0,759.0,793.0
01/11/2019 16:45,1684.0,1415.0,1892.0,912.0,680.0,729.0
01/11/2019 17:00,1815.0,1032.0,1050.0,1032.0,601.0,547.0
01/11/2019 17:15,1671.0,1206.0,659.0,766.0,515.0,477.0
01/11/2019 17:30,1357.0,860.0,422.0,649.0,440.0,330.0
01/11/2019 17:45,1476.0,813.0,502.0,767.0,396.0,387.0
01/11/2019 18:00,1311.0,1071.0,343.0,775.0,391.0,366.0
01/11/2019 18:15,1488.0,772.0,306.0,640.0,396.0,358.0
01/11/2019 18:30,1405.0,823.0,330.0,686.0,344.0,352.0
01/11/2019 18:45,1528.0,848.0,296.0,622.0,392.0,383.0
01/11/2019 19:00,1450.0,702.0,305.0,462.0,425.0,291.0
01/11/2019 19:15,1733.0,837.0,269.0,595.0,431.0,357.0
01/11/2019 19:30,1865.0,739.0,352.0,570.0,374.0,311.0
01/11/2019 19:45,1775.0,661.0,265.0,473.0,453.0,316.0
01/11/2019 20:00,1689.0,880.0,407.0,598.0,395.0,381.0
01/11/2019 20:15,1748.0,818.0,318.0,596.0,437.0,376.0
01/11/2019 20:30,1657.0,829.0,386.0,568.0,481.0,349.0
01/11/2019 20:45,1707.0,929.0,377.0,657.0,451.0,413.0
01/11/2019 21:00,1558.0,975.0,288.0,630.0,384.0,329.0
01/11/2019 21:15,1404.0,811.0,308.0,542.0,544.0,335.0
01/11/2019 21:30,1518.0,844.0,387.0,579.0,428.0,343.0
01/11/2019 21:45,1448.0,943.0,300.0,647.0,400.0,365.0
01/11/2019 22:00,1785.0,661.0,273.0,499.0,452.0,297.0
01/11/2019 22:15,1668.0,841.0,375.0,600.0,373.0,385.0
01/11/2019 22:30,1750.0,636.0,298.0,590.0,284.0,325.0
01/11/2019 22:45,1771.0,675.0,249.0,513.0,346.0,342.0
01/11/2019 23:00,1836.0,708.0,385.0,617.0,366.0,361.0
01/11/2019 23:15,1841.0,722.0,322.0,565.0,338.0,428.0
01/11/2019 23:30,1816.0,611.0,290.0,471.0,327.0,397.0
01/11/2019 23:45,1750.0,580.0,391.0,456.0,343.0,362.0
01/12/2019 00:00,1826.0,581.0,395.0,407.0,411.0,389.0
01/12/2019 00:15,1619.0,571.0,355.0,443.0,436.0,374.0
01/12/2019 00:30,1517.0,568.0,437.0,454.0,430.0,405.0
01/12/2019 00:45,1467.0,740.0,574.0,559.0,514.0,454.0
01/12/2019 01:00,1458.0,780.0,602.0,576.0,574.0,515.0
01/12/2019 01:15,1521.0,777.0,780.0,615.0,600.0,550.0
01/12/2019 01:30,1677.0,916.0,847.0,595.0,645.0,604.0
01/12/2019 01:45,1531.0,791.0,763.0,590.0,577.0,550.0
01/12/2019 02:00,1553.0,685.0,569.0,501.0,525.0,445.0
01/12/2019 02:15,1211.0,630.0,545.0,477.0,422.0,416.0
01/12/2019 02:30,1109.0,589.0,394.0,509.0,419.0,350.0
01/12/2019 02:45,867.0,552.0,358.0,351.0,284.0,356.0
01/12/2019 03:00,918.0,361.0,330.0,345.0,271.0,302.0
01/12/2019 03:15,769.0,435.0,339.0,382.0,224.0,224.0
01/12/2019 03:30,602.0,290.0,265.0,323.0,187.0,260.0
01/12/2019 03:45,576.0,302.0,297.0,294.0,229.0,235.0
01/12/2019 04:00,561.0,234.0,297.0,314.0,207.0,202.0
01/12/2019 04:15,450.0,207.0,282.0,339.0,195.0,207.0
01/12/2019 04:30,442.0,167.0,274.0,262.0,182.0,156.0
01/12/2019 04:45,399.0,160.0,318.0,278.0,164.0,112.0
01/12/2019 05:00,314.0,116.0,244.0,303.0,116.0,148.0
01/12/2019 05:15,264.0,105.0,230.0,265.0,146.0,131.0
01/12/2019 05:30,178.0,88.0,221.0,175.0,106.0,124.0
01/12/2019 05:45,215.0,63.0,159.0,137.0,91.0,144.0
01/12/2019 06:00,126.0,58.0,124.0,126.0,81.0,96.0
01/12/2019 06:15,513.0,74.0,18.0,44.0,53.0,63.0
01/12/2019 06:30,1016.0,158.0,74.0,109.0,69.0,101.0
01/12/2019 06:45,1081.0,276.0,100.0,252.0,134.0,149.0
01/12/2019 07:00,1166.0,414.0,154.0,422.0,233.0,201.0
01/12/2019 07:15,1403.0,547.0,394.0,485.0,325.0,198.0
01/12/2019 07:30,1532.0,1080.0,558.0,867.0,534.0,460.0
01/12/2019 07:45,1744.0,1590.0,1068.0,1077.0,867.0,638.0
01/12/2019 08:00,2217.0,1195.0,2085.0,1350.0,1348.0,1187.0
01/12/2019 08:15,2445.0,1305.0,3042.0,1230.0,1273.0,1375.0
01/12/2019 08:30,2490.0,1295.0,3309.0,1035.0,914.0,995.0
01/12/2019 08:45,2572.0,1564.0,3124.0,1273.0,956.0,1092.0
01/12/2019 09:00,2142.0,1429.0,2241.0,1051.0,737.0,803.0
01/12/2019 09:15,1751.0,1263.0,1902.0,974.0,699.0,837.0
01/12/2019 09:30,1958.0,1123.0,914.0,915.0,606.0,559.0
01/12/2019 09:45,1543.0,1259.0,563.0,981.0,560.0,444.0
01/12/2019 10:00,1585.0,1129.0,427.0,746.0,500.0,450.0
01/12/2019 10:15,1614.0,1041.0,495.0,750.0,473.0,441.0
01/12/2019 10:30,1496.0,990.0,390.0,811.0,444.0,336.0
01/12/2019 10:45,1418.0,867.0,314.0,666.0,443.0,353.0
01/12/2019 11:00,1507.0,1021.0,395.0,710.0,436.0,343.0
01/12/2019 11:15,1642.0,1015.0,312.0,631.0,420.0,393.0
01/12/2019 11:30,1602.0,826.0,316.0,560.0,467.0,330.0
01/12/2019 11:45,1794.0,949.0,290.0,574.0,481.0,373.0
01/12/2019 12:00,2044.0,938.0,310.0,610.0,417.0,325.0
01/12/2019 12:15,1930.0,819.0,277.0,491.0,427.0,349.0
01/12/2019 12:30,1843.0,963.0,444.0,614.0,422.0,367.0
01/12/2019 12:45,1884.0,1063.0,336.0,700.0,440.0,356.0
01/12/2019 13:00,1599.0,914.0,340.0,595.0,529.0,360.0
01/12/2019 13:15,1725.0,1026.0,414.0,663.0,448.0,361.0
01/12/2019 13:30,1733.0,1142.0,324.0,633.0,438.0,371.0
01/12/2019 13:45,1574.0,973.0,309.0,592.0,478.0,388.0
01/12/2019 14:00,1597.0,999.0,412.0,638.0,408.0,347.0
01/12/2019 14:15,1756.0,1013.0,317.0,649.0,381.0,398.0
01/12/2019 14:30,1757.0,971.0,316.0,609.0,440.0,354.0
01/12/2019 14:45,1699.0,924.0,340.0,616.0,411.0,344.0
01/12/2019 15:00,1961.0,972.0,268.0,607.0,323.0,363.0
01/12/2019 15:15,1847.0,782.0,270.0,585.0,390.0,414.0
01/12/2019 15:30,1744.0,812.0,381.0,625.0,349.0,387.0
01/12/2019 15:45,1924.0,818.0,309.0,532.0,389.0,386.0
01/12/2019 16:00,1853.0,757.0,343.0,483.0,363.0,430.0
01/12/2019 16:15,1689.0,663.0,356.0,576.0,376.0,398.0
01/12/2019 16:30,1825.0,684.0,409.0,461.0,370.0,461.0
01/12/2019 16:45,1768.0,646.0,349.0,430.0,358.0,423.0
01/12/2019 17:00,1569.0,595.0,440.0,462.0,470.0,384.0
01/12/2019 17:15,1540.0,795.0,584.0,582.0,505.0,468.0
01/12/2019 17:30,1811.0,821.0,666.0,600.0,550.0,573.0
01/12/2019 17:45,1656.0,862.0,774.0,720.0,625.0,572.0
01/12/2019 18:00,1979.0,988.0,749.0,683.0,697.0,625.0
01/12/2019 18:15,1736.0,928.0,790.0,655.0,505.0,593.0
01/12/2019 18:30,1588.0,846.0,566.0,550.0,611.0,516.0
01/12/2019 18:45,1406.0,729.0,573.0,511.0,479.0,488.0
01/12/2019 19:00,1183.0,603.0,433.0,479.0,399.0,417.0
01/12/2019 19:15,980.0,555.0,415.0,420.0,287.0,414.0
01/12/2019 19:30,943.0,481.0,386.0,415.0,313.0,236.0
01/12/2019 19:45,785.0,414.0,383.0,418.0,280.0,229.0
01/12/2019 20:00,711.0,361.0,332.0,368.0,202.0,229.0
01/12/2019 20:15,695.0,286.0,265.0,358.0,199.0,248.0
01/12/2019 20:30,601.0,240.0,352.0,362.0,248.0,206.0
01/12/2019 20:45,529.0,263.0,296.0,446.0,167.0,219.0
01/12/2019 21:00,541.0,226.0,265.0,296.0,196.0,164.0
01/12/2019 21:15,409.0,140.0,343.0,288.0,187.0,180.0
01/12/2019 21:30,314.0,161.0,315.0,332.0,124.0,149.0
01/12/2019 21:45,280.0,122.0,217.0,239.0,168.0,120.0
01/12/2019 22:00,209.0,111.0,215.0,223.0,101.0,129.0
01/12/2019 22:15,224.0,86.0,212.0,188.0,86.0,128.0
01/12/2019 22:30,144.0,56.0,121.0,158.0,91.0,83.0
01/12/2019 22:45,548.0,61.0,15.0,55.0,32.0,72.0
01/12/2019 23:00,1019.0,154.0,66.0,96.0,81.0,91.0
01/12/2019 23:15,1065.0,161.0,93.0,225.0,120.0,136.0
01/12/2019 23:30,1223.0,487.0,224.0,428.0,255.0,182.0
01/12/2019 23:45,1402.0,535.0,264.0,565.0,308.0,229.0
01/13/2019 00:00,1674.0,1164.0,627.0,778.0,487.0,368.0
01/13/2019 00:15,1692.0,1482.0,1082.0,1114.0,818.0,732.0
01/13/2019 00:30,2036.0,1296.0,1848.0,1241.0,1286.0,1068.0
01/13/2019 00:45,2273.0,1364.0,3063.0,1224.0,1355.0,1317.0
01/13/2019 01:00,2375.0,1303.0,3525.0,1110.0,974.0,1122.0
01/13/2019 01:15,2460.0,1509.0,3095.0,1296.0,905.0,1043.0
01/13/2019 01:30,2202.0,1397.0,2162.0,1091.0,737.0,826.0
01/13/2019 01:45,1762.0,1439.0,1788.0,955.0,707.0,869.0
01/13/2019 02:00,2083.0,1104.0,884.0,945.0,643.0,620.0
01/13/2019 02:15,1728.0,1440.0,689.0,925.0,542.0,415.0
01/13/2019 02:30,1773.0,1093.0,429.0,825.0,565.0,450.0
01/13/2019 02:45,1702.0,1061.0,444.0,808.0,511.0,435.0
01/13/2019 03:00,1762.0,1136.0,357.0,755.0,419.0,417.0
01/13/2019 03:15,1654.0,1063.0,323.0,734.0,516.0,410.0
01/13/2019 03:30,1644.0,1117.0,346.0,696.0,406.0,374.0
01/13/2019 03:45,1805.0,942.0,264.0,681.0,470.0,429.0
01/13/2019 04:00,1774.0,907.0,326.0,581.0,533.0,368.0
01/13/2019 04:15,1829.0,1098.0,397.0,621.0,493.0,396.0
01/13/2019 04:30,2021.0,911.0,284.0,446.0,401.0,377.0
01/13/2019 04:45,1998.0,989.0,311.0,691.0,520.0,372.0
01/13/2019 05:00,2128.0,921.0,376.0,705.0,344.0,370.0
01/13/2019 05:15,2347.0,1204.0,302.0,615.0,518.0,385.0
01/13/2019 05:30,1789.0,1003.0,343.0,662.0,581.0,394.0
01/13/2019 05:45,1982.0,1023.0,431.0,760.0,497.0,419.0
01/13/2019 06:00,1859.0,1173.0,413.0,739.0,466.0,392.0
01/13/2019 06:15,1673.0,1034.0,310.0,622.0,476.0,426.0
01/13/2019 06:30,1712.0,951.0,413.0,691.0,538.0,352.0
01/13/2019 06:45,2140.0,1008.0,401.0,695.0,427.0,446.0
01/13/2019 07:00,1772.0,850.0,293.0,644.0,449.0,329.0
01/13/2019 07:15,1848.0,852.0,385.0,734.0,395.0,422.0
01/13/2019 07:30,2012.0,1011.0,314.0,648.0,355.0,358.0
01/13/2019 07:45,2159.0,802.0,337.0,598.0,452.0,430.0
01/13/2019 08:00,2066.0,873.0,412.0,654.0,415.0,434.0
01/13/2019 08:15,2166.0,872.0,355.0,555.0,404.0,498.0
01/13/2019 08:30,2272.0,779.0,383.0,603.0,403.0,413.0
01/13/2019 08:45,2220.0,684.0,410.0,603.0,386.0,429.0
01/13/2019 09:00,2183.0,744.0,425.0,549.0,418.0,416.0
01/13/2019 09:15,2229.0,846.0,387.0,542.0,471.0,540.0
01/13/2019 09:30,2263.0,904.0,531.0,500.0,502.0,494.0
01/13/2019 09:45,2297.0,924.0,640.0,734.0,535.0,630.0
01/13/2019 10:00,2463.0,1045.0,738.0,692.0,721.0,629.0
01/13/2019 10:15,2659.0,1050.0,869.0,812.0,746.0,704.0
01/13/2019 10:30,2991.0,1205.0,928.0,865.0,843.0,787.0
01/13/2019 10:45,3097.0,1173.0,789.0,797.0,695.0,761.0
01/13/2019 11:00,2853.0,1099.0,660.0,716.0,715.0,610.0
01/13/2019 11:15,2399.0,1076.0,661.0,684.0,628.0,602.0
01/13/2019 11:30,2110.0,877.0,598.0,649.0,540.0,494.0
01/13/2019 11:45,1630.0,841.0,448.0,628.0,422.0,486.0
01/13/2019 12:00,1748.0,692.0,485.0,592.0,463.0,385.0
01/13/2019 12:15,1303.0,564.0,477.0,481.0,321.0,354.0
01/13/2019 12:30,1218.0,364.0,372.0,437.0,292.0,324.0
01/13/2019 12:45,871.0,539.0,372.0,392.0,289.0,255.0
01/13/2019 13:00,869.0,356.0,371.0,330.0,268.0,282.0
01/13/2019 13:15,685.0,405.0,375.0,432.0,290.0,334.0
01/13/2019 13:30,659.0,245.0,360.0,337.0,228.0,163.0
01/13/2019 13:45,553.0,212.0,344.0,409.0,221.0,215.0
01/13/2019 14:00,476.0,223.0,439.0,353.0,216.0,205.0
01/13/2019 14:15,350.0,168.0,312.0,326.0,165.0,202.0
01/13/2019 14:30,272.0,148.0,299.0,248.0,154.0,178.0
01/13/2019 14:45,326.0,127.0,239.0,228.0,170.0,168.0
01/13/2019 15:00,209.0,113.0,322.0,186.0,131.0,147.0
